kernel,abstraction,platform,problem_size,run_id,execution_time_ms,throughput,hardware_state_verified,timestamp,experiment_id,problem_size_n
nbody,julia,nvidia_h100_sxm,small,1,0.061376,70.38582,1,2026-03-29T00:17:53Z,nbody_julia_notile_nvidia_h100_sxm_small_n4000_001,
nbody,julia,nvidia_h100_sxm,small,2,0.030144,143.312104,1,2026-03-29T00:17:53Z,nbody_julia_notile_nvidia_h100_sxm_small_n4000_002,
nbody,julia,nvidia_h100_sxm,small,3,0.030048,143.769965,1,2026-03-29T00:17:53Z,nbody_julia_notile_nvidia_h100_sxm_small_n4000_003,
nbody,julia,nvidia_h100_sxm,small,4,0.029056,148.678413,1,2026-03-29T00:17:53Z,nbody_julia_notile_nvidia_h100_sxm_small_n4000_004,
nbody,julia,nvidia_h100_sxm,small,5,0.032992,130.940833,1,2026-03-29T00:17:53Z,nbody_julia_notile_nvidia_h100_sxm_small_n4000_005,
nbody,julia,nvidia_h100_sxm,small,6,0.029952,144.230762,1,2026-03-29T00:17:53Z,nbody_julia_notile_nvidia_h100_sxm_small_n4000_006,
nbody,julia,nvidia_h100_sxm,small,7,0.029216,147.864183,1,2026-03-29T00:17:53Z,nbody_julia_notile_nvidia_h100_sxm_small_n4000_007,
nbody,julia,nvidia_h100_sxm,small,8,0.029248,147.702407,1,2026-03-29T00:17:53Z,nbody_julia_notile_nvidia_h100_sxm_small_n4000_008,
nbody,julia,nvidia_h100_sxm,small,9,0.02976,145.161291,1,2026-03-29T00:17:53Z,nbody_julia_notile_nvidia_h100_sxm_small_n4000_009,
nbody,julia,nvidia_h100_sxm,small,10,0.02896,149.171265,1,2026-03-29T00:17:53Z,nbody_julia_notile_nvidia_h100_sxm_small_n4000_010,
nbody,julia,nvidia_h100_sxm,small,11,0.030016,143.923245,1,2026-03-29T00:17:53Z,nbody_julia_notile_nvidia_h100_sxm_small_n4000_011,
nbody,julia,nvidia_h100_sxm,small,12,0.029792,145.005372,1,2026-03-29T00:17:53Z,nbody_julia_notile_nvidia_h100_sxm_small_n4000_012,
nbody,julia,nvidia_h100_sxm,small,13,0.028608,151.006715,1,2026-03-29T00:17:53Z,nbody_julia_notile_nvidia_h100_sxm_small_n4000_013,
nbody,julia,nvidia_h100_sxm,small,14,0.028608,151.006715,1,2026-03-29T00:17:53Z,nbody_julia_notile_nvidia_h100_sxm_small_n4000_014,
nbody,julia,nvidia_h100_sxm,small,15,0.029056,148.678413,1,2026-03-29T00:17:53Z,nbody_julia_notile_nvidia_h100_sxm_small_n4000_015,
nbody,julia,nvidia_h100_sxm,small,16,0.029024,148.842344,1,2026-03-29T00:17:53Z,nbody_julia_notile_nvidia_h100_sxm_small_n4000_016,
nbody,julia,nvidia_h100_sxm,small,17,0.029568,146.103895,1,2026-03-29T00:17:53Z,nbody_julia_notile_nvidia_h100_sxm_small_n4000_017,
nbody,julia,nvidia_h100_sxm,small,18,0.029152,148.188799,1,2026-03-29T00:17:53Z,nbody_julia_notile_nvidia_h100_sxm_small_n4000_018,
nbody,julia,nvidia_h100_sxm,small,19,0.028352,152.370202,1,2026-03-29T00:17:53Z,nbody_julia_notile_nvidia_h100_sxm_small_n4000_019,
nbody,julia,nvidia_h100_sxm,small,20,0.0288,150.000004,1,2026-03-29T00:17:53Z,nbody_julia_notile_nvidia_h100_sxm_small_n4000_020,
nbody,julia,nvidia_h100_sxm,small,21,0.029248,147.702407,1,2026-03-29T00:17:53Z,nbody_julia_notile_nvidia_h100_sxm_small_n4000_021,
nbody,julia,nvidia_h100_sxm,small,22,0.028704,150.501671,1,2026-03-29T00:17:53Z,nbody_julia_notile_nvidia_h100_sxm_small_n4000_022,
nbody,julia,nvidia_h100_sxm,small,23,0.028736,150.334067,1,2026-03-29T00:17:53Z,nbody_julia_notile_nvidia_h100_sxm_small_n4000_023,
nbody,julia,nvidia_h100_sxm,small,24,0.029344,147.219189,1,2026-03-29T00:17:53Z,nbody_julia_notile_nvidia_h100_sxm_small_n4000_024,
nbody,julia,nvidia_h100_sxm,small,25,0.02896,149.171265,1,2026-03-29T00:17:53Z,nbody_julia_notile_nvidia_h100_sxm_small_n4000_025,
nbody,julia,nvidia_h100_sxm,small,26,0.028768,150.166854,1,2026-03-29T00:17:53Z,nbody_julia_notile_nvidia_h100_sxm_small_n4000_026,
nbody,julia,nvidia_h100_sxm,small,27,0.028992,149.006628,1,2026-03-29T00:17:53Z,nbody_julia_notile_nvidia_h100_sxm_small_n4000_027,
nbody,julia,nvidia_h100_sxm,small,28,0.028928,149.336285,1,2026-03-29T00:17:53Z,nbody_julia_notile_nvidia_h100_sxm_small_n4000_028,
nbody,julia,nvidia_h100_sxm,small,29,0.028864,149.667404,1,2026-03-29T00:17:53Z,nbody_julia_notile_nvidia_h100_sxm_small_n4000_029,
nbody,julia,nvidia_h100_sxm,small,30,0.028992,149.006628,1,2026-03-29T00:17:53Z,nbody_julia_notile_nvidia_h100_sxm_small_n4000_030,
nbody,julia,nvidia_h100_sxm,medium,1,0.063392,545.179211,1,2026-03-29T00:18:15Z,nbody_julia_notile_nvidia_h100_sxm_medium_n32000_001,
nbody,julia,nvidia_h100_sxm,medium,2,0.031008,1114.551102,1,2026-03-29T00:18:15Z,nbody_julia_notile_nvidia_h100_sxm_medium_n32000_002,
nbody,julia,nvidia_h100_sxm,medium,3,0.02928,1180.327886,1,2026-03-29T00:18:15Z,nbody_julia_notile_nvidia_h100_sxm_medium_n32000_003,
nbody,julia,nvidia_h100_sxm,medium,4,0.02912,1186.813209,1,2026-03-29T00:18:15Z,nbody_julia_notile_nvidia_h100_sxm_medium_n32000_004,
nbody,julia,nvidia_h100_sxm,medium,5,0.033632,1027.592743,1,2026-03-29T00:18:15Z,nbody_julia_notile_nvidia_h100_sxm_medium_n32000_005,
nbody,julia,nvidia_h100_sxm,medium,6,0.02912,1186.813209,1,2026-03-29T00:18:15Z,nbody_julia_notile_nvidia_h100_sxm_medium_n32000_006,
nbody,julia,nvidia_h100_sxm,medium,7,0.028672,1205.35712,1,2026-03-29T00:18:15Z,nbody_julia_notile_nvidia_h100_sxm_medium_n32000_007,
nbody,julia,nvidia_h100_sxm,medium,8,0.029248,1181.619259,1,2026-03-29T00:18:15Z,nbody_julia_notile_nvidia_h100_sxm_medium_n32000_008,
nbody,julia,nvidia_h100_sxm,medium,9,0.028992,1192.053022,1,2026-03-29T00:18:15Z,nbody_julia_notile_nvidia_h100_sxm_medium_n32000_009,
nbody,julia,nvidia_h100_sxm,medium,10,0.0288,1200.000033,1,2026-03-29T00:18:15Z,nbody_julia_notile_nvidia_h100_sxm_medium_n32000_010,
nbody,julia,nvidia_h100_sxm,medium,11,0.029728,1162.540425,1,2026-03-29T00:18:15Z,nbody_julia_notile_nvidia_h100_sxm_medium_n32000_011,
nbody,julia,nvidia_h100_sxm,medium,12,0.028352,1218.961612,1,2026-03-29T00:18:15Z,nbody_julia_notile_nvidia_h100_sxm_medium_n32000_012,
nbody,julia,nvidia_h100_sxm,medium,13,0.028416,1216.216232,1,2026-03-29T00:18:15Z,nbody_julia_notile_nvidia_h100_sxm_medium_n32000_013,
nbody,julia,nvidia_h100_sxm,medium,14,0.029024,1190.738754,1,2026-03-29T00:18:15Z,nbody_julia_notile_nvidia_h100_sxm_medium_n32000_014,
nbody,julia,nvidia_h100_sxm,medium,15,0.02848,1213.483113,1,2026-03-29T00:18:15Z,nbody_julia_notile_nvidia_h100_sxm_medium_n32000_015,
nbody,julia,nvidia_h100_sxm,medium,16,0.02848,1213.483113,1,2026-03-29T00:18:15Z,nbody_julia_notile_nvidia_h100_sxm_medium_n32000_016,
nbody,julia,nvidia_h100_sxm,medium,17,0.030016,1151.385963,1,2026-03-29T00:18:15Z,nbody_julia_notile_nvidia_h100_sxm_medium_n32000_017,
nbody,julia,nvidia_h100_sxm,medium,18,0.029024,1190.738754,1,2026-03-29T00:18:15Z,nbody_julia_notile_nvidia_h100_sxm_medium_n32000_018,
nbody,julia,nvidia_h100_sxm,medium,19,0.028352,1218.961612,1,2026-03-29T00:18:15Z,nbody_julia_notile_nvidia_h100_sxm_medium_n32000_019,
nbody,julia,nvidia_h100_sxm,medium,20,0.029152,1185.51039,1,2026-03-29T00:18:15Z,nbody_julia_notile_nvidia_h100_sxm_medium_n32000_020,
nbody,julia,nvidia_h100_sxm,medium,21,0.028512,1212.121271,1,2026-03-29T00:18:15Z,nbody_julia_notile_nvidia_h100_sxm_medium_n32000_021,
nbody,julia,nvidia_h100_sxm,medium,22,0.028832,1198.668194,1,2026-03-29T00:18:15Z,nbody_julia_notile_nvidia_h100_sxm_medium_n32000_022,
nbody,julia,nvidia_h100_sxm,medium,23,0.029024,1190.738754,1,2026-03-29T00:18:15Z,nbody_julia_notile_nvidia_h100_sxm_medium_n32000_023,
nbody,julia,nvidia_h100_sxm,medium,24,0.02864,1206.703873,1,2026-03-29T00:18:15Z,nbody_julia_notile_nvidia_h100_sxm_medium_n32000_024,
nbody,julia,nvidia_h100_sxm,medium,25,0.02832,1220.339034,1,2026-03-29T00:18:15Z,nbody_julia_notile_nvidia_h100_sxm_medium_n32000_025,
nbody,julia,nvidia_h100_sxm,medium,26,0.029376,1176.470573,1,2026-03-29T00:18:15Z,nbody_julia_notile_nvidia_h100_sxm_medium_n32000_026,
nbody,julia,nvidia_h100_sxm,medium,27,0.029568,1168.831162,1,2026-03-29T00:18:15Z,nbody_julia_notile_nvidia_h100_sxm_medium_n32000_027,
nbody,julia,nvidia_h100_sxm,medium,28,0.028736,1202.672535,1,2026-03-29T00:18:15Z,nbody_julia_notile_nvidia_h100_sxm_medium_n32000_028,
nbody,julia,nvidia_h100_sxm,medium,29,0.028128,1228.668905,1,2026-03-29T00:18:15Z,nbody_julia_notile_nvidia_h100_sxm_medium_n32000_029,
nbody,julia,nvidia_h100_sxm,medium,30,0.028928,1194.690279,1,2026-03-29T00:18:15Z,nbody_julia_notile_nvidia_h100_sxm_medium_n32000_030,
nbody,julia,nvidia_h100_sxm,large,1,0.223264,1238.354614,1,2026-03-29T00:18:40Z,nbody_julia_notile_nvidia_h100_sxm_large_n256000_001,
nbody,julia,nvidia_h100_sxm,large,2,0.179872,1537.093009,1,2026-03-29T00:18:40Z,nbody_julia_notile_nvidia_h100_sxm_large_n256000_002,
nbody,julia,nvidia_h100_sxm,large,3,0.177696,1555.915739,1,2026-03-29T00:18:40Z,nbody_julia_notile_nvidia_h100_sxm_large_n256000_003,
nbody,julia,nvidia_h100_sxm,large,4,0.180736,1529.744962,1,2026-03-29T00:18:40Z,nbody_julia_notile_nvidia_h100_sxm_large_n256000_004,
nbody,julia,nvidia_h100_sxm,large,5,0.183296,1508.379913,1,2026-03-29T00:18:40Z,nbody_julia_notile_nvidia_h100_sxm_large_n256000_005,
nbody,julia,nvidia_h100_sxm,large,6,0.178272,1550.8886,1,2026-03-29T00:18:40Z,nbody_julia_notile_nvidia_h100_sxm_large_n256000_006,
nbody,julia,nvidia_h100_sxm,large,7,0.177152,1560.693737,1,2026-03-29T00:18:40Z,nbody_julia_notile_nvidia_h100_sxm_large_n256000_007,
nbody,julia,nvidia_h100_sxm,large,8,0.175872,1572.052377,1,2026-03-29T00:18:40Z,nbody_julia_notile_nvidia_h100_sxm_large_n256000_008,
nbody,julia,nvidia_h100_sxm,large,9,0.182176,1517.653306,1,2026-03-29T00:18:40Z,nbody_julia_notile_nvidia_h100_sxm_large_n256000_009,
nbody,julia,nvidia_h100_sxm,large,10,0.176448,1566.920596,1,2026-03-29T00:18:40Z,nbody_julia_notile_nvidia_h100_sxm_large_n256000_010,
nbody,julia,nvidia_h100_sxm,large,11,0.176288,1568.342727,1,2026-03-29T00:18:40Z,nbody_julia_notile_nvidia_h100_sxm_large_n256000_011,
nbody,julia,nvidia_h100_sxm,large,12,0.180096,1535.181222,1,2026-03-29T00:18:40Z,nbody_julia_notile_nvidia_h100_sxm_large_n256000_012,
nbody,julia,nvidia_h100_sxm,large,13,0.18,1535.999977,1,2026-03-29T00:18:40Z,nbody_julia_notile_nvidia_h100_sxm_large_n256000_013,
nbody,julia,nvidia_h100_sxm,large,14,0.179872,1537.093009,1,2026-03-29T00:18:40Z,nbody_julia_notile_nvidia_h100_sxm_large_n256000_014,
nbody,julia,nvidia_h100_sxm,large,15,0.17472,1582.417579,1,2026-03-29T00:18:40Z,nbody_julia_notile_nvidia_h100_sxm_large_n256000_015,
nbody,julia,nvidia_h100_sxm,large,16,0.17824,1551.166907,1,2026-03-29T00:18:40Z,nbody_julia_notile_nvidia_h100_sxm_large_n256000_016,
nbody,julia,nvidia_h100_sxm,large,17,0.176352,1567.773565,1,2026-03-29T00:18:40Z,nbody_julia_notile_nvidia_h100_sxm_large_n256000_017,
nbody,julia,nvidia_h100_sxm,large,18,0.179264,1542.306354,1,2026-03-29T00:18:40Z,nbody_julia_notile_nvidia_h100_sxm_large_n256000_018,
nbody,julia,nvidia_h100_sxm,large,19,0.175072,1579.236002,1,2026-03-29T00:18:40Z,nbody_julia_notile_nvidia_h100_sxm_large_n256000_019,
nbody,julia,nvidia_h100_sxm,large,20,0.175808,1572.624651,1,2026-03-29T00:18:40Z,nbody_julia_notile_nvidia_h100_sxm_large_n256000_020,
nbody,julia,nvidia_h100_sxm,large,21,0.177152,1560.693737,1,2026-03-29T00:18:40Z,nbody_julia_notile_nvidia_h100_sxm_large_n256000_021,
nbody,julia,nvidia_h100_sxm,large,22,0.177408,1558.441549,1,2026-03-29T00:18:40Z,nbody_julia_notile_nvidia_h100_sxm_large_n256000_022,
nbody,julia,nvidia_h100_sxm,large,23,0.176032,1570.623514,1,2026-03-29T00:18:40Z,nbody_julia_notile_nvidia_h100_sxm_large_n256000_023,
nbody,julia,nvidia_h100_sxm,large,24,0.178944,1545.064383,1,2026-03-29T00:18:40Z,nbody_julia_notile_nvidia_h100_sxm_large_n256000_024,
nbody,julia,nvidia_h100_sxm,large,25,0.179488,1540.38146,1,2026-03-29T00:18:40Z,nbody_julia_notile_nvidia_h100_sxm_large_n256000_025,
nbody,julia,nvidia_h100_sxm,large,26,0.17552,1575.205047,1,2026-03-29T00:18:40Z,nbody_julia_notile_nvidia_h100_sxm_large_n256000_026,
nbody,julia,nvidia_h100_sxm,large,27,0.176224,1568.912302,1,2026-03-29T00:18:40Z,nbody_julia_notile_nvidia_h100_sxm_large_n256000_027,
nbody,julia,nvidia_h100_sxm,large,28,0.179136,1543.408383,1,2026-03-29T00:18:40Z,nbody_julia_notile_nvidia_h100_sxm_large_n256000_028,
nbody,julia,nvidia_h100_sxm,large,29,0.177984,1553.398102,1,2026-03-29T00:18:40Z,nbody_julia_notile_nvidia_h100_sxm_large_n256000_029,
nbody,julia,nvidia_h100_sxm,large,30,0.176288,1568.342727,1,2026-03-29T00:18:40Z,nbody_julia_notile_nvidia_h100_sxm_large_n256000_030,
nbody,native,nvidia_h100_sxm,small,1,0.024576,175.781244,1,2026-03-28T22:31:24Z,nbody_native_notile_nvidia_h100_sxm_small_n4000_001,
nbody,native,nvidia_h100_sxm,small,2,0.02336,184.9315,1,2026-03-28T22:31:24Z,nbody_native_notile_nvidia_h100_sxm_small_n4000_002,
nbody,native,nvidia_h100_sxm,small,3,0.022656,190.677972,1,2026-03-28T22:31:24Z,nbody_native_notile_nvidia_h100_sxm_small_n4000_003,
nbody,native,nvidia_h100_sxm,small,4,0.023104,186.980603,1,2026-03-28T22:31:24Z,nbody_native_notile_nvidia_h100_sxm_small_n4000_004,
nbody,native,nvidia_h100_sxm,small,5,0.023296,185.439557,1,2026-03-28T22:31:24Z,nbody_native_notile_nvidia_h100_sxm_small_n4000_005,
nbody,native,nvidia_h100_sxm,small,6,0.022752,189.873418,1,2026-03-28T22:31:24Z,nbody_native_notile_nvidia_h100_sxm_small_n4000_006,
nbody,native,nvidia_h100_sxm,small,7,0.023488,183.923705,1,2026-03-28T22:31:24Z,nbody_native_notile_nvidia_h100_sxm_small_n4000_007,
nbody,native,nvidia_h100_sxm,small,8,0.022752,189.873418,1,2026-03-28T22:31:24Z,nbody_native_notile_nvidia_h100_sxm_small_n4000_008,
nbody,native,nvidia_h100_sxm,small,9,0.024192,178.57143,1,2026-03-28T22:31:24Z,nbody_native_notile_nvidia_h100_sxm_small_n4000_009,
nbody,native,nvidia_h100_sxm,small,10,0.02288,188.811196,1,2026-03-28T22:31:24Z,nbody_native_notile_nvidia_h100_sxm_small_n4000_010,
nbody,native,nvidia_h100_sxm,small,11,0.022784,189.606739,1,2026-03-28T22:31:24Z,nbody_native_notile_nvidia_h100_sxm_small_n4000_011,
nbody,native,nvidia_h100_sxm,small,12,0.023456,184.174626,1,2026-03-28T22:31:24Z,nbody_native_notile_nvidia_h100_sxm_small_n4000_012,
nbody,native,nvidia_h100_sxm,small,13,0.022944,188.284522,1,2026-03-28T22:31:24Z,nbody_native_notile_nvidia_h100_sxm_small_n4000_013,
nbody,native,nvidia_h100_sxm,small,14,0.023552,183.423909,1,2026-03-28T22:31:24Z,nbody_native_notile_nvidia_h100_sxm_small_n4000_014,
nbody,native,nvidia_h100_sxm,small,15,0.02304,187.499997,1,2026-03-28T22:31:24Z,nbody_native_notile_nvidia_h100_sxm_small_n4000_015,
nbody,native,nvidia_h100_sxm,small,16,0.022944,188.284522,1,2026-03-28T22:31:24Z,nbody_native_notile_nvidia_h100_sxm_small_n4000_016,
nbody,native,nvidia_h100_sxm,small,17,0.022912,188.547491,1,2026-03-28T22:31:24Z,nbody_native_notile_nvidia_h100_sxm_small_n4000_017,
nbody,native,nvidia_h100_sxm,small,18,0.022688,190.409031,1,2026-03-28T22:31:24Z,nbody_native_notile_nvidia_h100_sxm_small_n4000_018,
nbody,native,nvidia_h100_sxm,small,19,0.02304,187.499997,1,2026-03-28T22:31:24Z,nbody_native_notile_nvidia_h100_sxm_small_n4000_019,
nbody,native,nvidia_h100_sxm,small,20,0.02288,188.811196,1,2026-03-28T22:31:24Z,nbody_native_notile_nvidia_h100_sxm_small_n4000_020,
nbody,native,nvidia_h100_sxm,small,21,0.023712,182.186236,1,2026-03-28T22:31:24Z,nbody_native_notile_nvidia_h100_sxm_small_n4000_021,
nbody,native,nvidia_h100_sxm,small,22,0.022624,190.947659,1,2026-03-28T22:31:24Z,nbody_native_notile_nvidia_h100_sxm_small_n4000_022,
nbody,native,nvidia_h100_sxm,small,23,0.022784,189.606739,1,2026-03-28T22:31:24Z,nbody_native_notile_nvidia_h100_sxm_small_n4000_023,
nbody,native,nvidia_h100_sxm,small,24,0.023008,187.760778,1,2026-03-28T22:31:24Z,nbody_native_notile_nvidia_h100_sxm_small_n4000_024,
nbody,native,nvidia_h100_sxm,small,25,0.023104,186.980603,1,2026-03-28T22:31:24Z,nbody_native_notile_nvidia_h100_sxm_small_n4000_025,
nbody,native,nvidia_h100_sxm,small,26,0.023488,183.923705,1,2026-03-28T22:31:24Z,nbody_native_notile_nvidia_h100_sxm_small_n4000_026,
nbody,native,nvidia_h100_sxm,small,27,0.022944,188.284522,1,2026-03-28T22:31:24Z,nbody_native_notile_nvidia_h100_sxm_small_n4000_027,
nbody,native,nvidia_h100_sxm,small,28,0.02288,188.811196,1,2026-03-28T22:31:24Z,nbody_native_notile_nvidia_h100_sxm_small_n4000_028,
nbody,native,nvidia_h100_sxm,small,29,0.023296,185.439557,1,2026-03-28T22:31:24Z,nbody_native_notile_nvidia_h100_sxm_small_n4000_029,
nbody,native,nvidia_h100_sxm,small,30,0.02256,191.489358,1,2026-03-28T22:31:24Z,nbody_native_notile_nvidia_h100_sxm_small_n4000_030,
nbody,native_tile,nvidia_h100_sxm,small,1,0.362432,882.703507,1,2026-03-28T22:31:25Z,nbody_native_tile_nvidia_h100_sxm_small_n4000_001,
nbody,native_tile,nvidia_h100_sxm,small,2,0.361728,884.421413,1,2026-03-28T22:31:25Z,nbody_native_tile_nvidia_h100_sxm_small_n4000_002,
nbody,native_tile,nvidia_h100_sxm,small,3,0.360704,886.93221,1,2026-03-28T22:31:25Z,nbody_native_tile_nvidia_h100_sxm_small_n4000_003,
nbody,native_tile,nvidia_h100_sxm,small,4,0.360768,886.774904,1,2026-03-28T22:31:25Z,nbody_native_tile_nvidia_h100_sxm_small_n4000_004,
nbody,native_tile,nvidia_h100_sxm,small,5,0.360864,886.53894,1,2026-03-28T22:31:25Z,nbody_native_tile_nvidia_h100_sxm_small_n4000_005,
nbody,native_tile,nvidia_h100_sxm,small,6,0.359968,888.74565,1,2026-03-28T22:31:25Z,nbody_native_tile_nvidia_h100_sxm_small_n4000_006,
nbody,native_tile,nvidia_h100_sxm,small,7,0.360928,886.381774,1,2026-03-28T22:31:25Z,nbody_native_tile_nvidia_h100_sxm_small_n4000_007,
nbody,native_tile,nvidia_h100_sxm,small,8,0.360928,886.381774,1,2026-03-28T22:31:25Z,nbody_native_tile_nvidia_h100_sxm_small_n4000_008,
nbody,native_tile,nvidia_h100_sxm,small,9,0.3616,884.734485,1,2026-03-28T22:31:25Z,nbody_native_tile_nvidia_h100_sxm_small_n4000_009,
nbody,native_tile,nvidia_h100_sxm,small,10,0.3608,886.696235,1,2026-03-28T22:31:25Z,nbody_native_tile_nvidia_h100_sxm_small_n4000_010,
nbody,native_tile,nvidia_h100_sxm,small,11,0.36064,887.089645,1,2026-03-28T22:31:25Z,nbody_native_tile_nvidia_h100_sxm_small_n4000_011,
nbody,native_tile,nvidia_h100_sxm,small,12,0.361248,885.596631,1,2026-03-28T22:31:25Z,nbody_native_tile_nvidia_h100_sxm_small_n4000_012,
nbody,native_tile,nvidia_h100_sxm,small,13,0.361216,885.675032,1,2026-03-28T22:31:25Z,nbody_native_tile_nvidia_h100_sxm_small_n4000_013,
nbody,native_tile,nvidia_h100_sxm,small,14,0.361472,885.047779,1,2026-03-28T22:31:25Z,nbody_native_tile_nvidia_h100_sxm_small_n4000_014,
nbody,native_tile,nvidia_h100_sxm,small,15,0.360736,886.853513,1,2026-03-28T22:31:25Z,nbody_native_tile_nvidia_h100_sxm_small_n4000_015,
nbody,native_tile,nvidia_h100_sxm,small,16,0.3608,886.696235,1,2026-03-28T22:31:25Z,nbody_native_tile_nvidia_h100_sxm_small_n4000_016,
nbody,native_tile,nvidia_h100_sxm,small,17,0.361504,884.969489,1,2026-03-28T22:31:25Z,nbody_native_tile_nvidia_h100_sxm_small_n4000_017,
nbody,native_tile,nvidia_h100_sxm,small,18,0.360736,886.853513,1,2026-03-28T22:31:25Z,nbody_native_tile_nvidia_h100_sxm_small_n4000_018,
nbody,native_tile,nvidia_h100_sxm,small,19,0.361152,885.832021,1,2026-03-28T22:31:25Z,nbody_native_tile_nvidia_h100_sxm_small_n4000_019,
nbody,native_tile,nvidia_h100_sxm,small,20,0.360576,887.247062,1,2026-03-28T22:31:25Z,nbody_native_tile_nvidia_h100_sxm_small_n4000_020,
nbody,native_tile,nvidia_h100_sxm,small,21,0.360928,886.381774,1,2026-03-28T22:31:25Z,nbody_native_tile_nvidia_h100_sxm_small_n4000_021,
nbody,native_tile,nvidia_h100_sxm,small,22,0.361216,885.675032,1,2026-03-28T22:31:25Z,nbody_native_tile_nvidia_h100_sxm_small_n4000_022,
nbody,native_tile,nvidia_h100_sxm,small,23,0.360704,886.93221,1,2026-03-28T22:31:25Z,nbody_native_tile_nvidia_h100_sxm_small_n4000_023,
nbody,native_tile,nvidia_h100_sxm,small,24,0.360736,886.853513,1,2026-03-28T22:31:25Z,nbody_native_tile_nvidia_h100_sxm_small_n4000_024,
nbody,native_tile,nvidia_h100_sxm,small,25,0.360256,888.035208,1,2026-03-28T22:31:25Z,nbody_native_tile_nvidia_h100_sxm_small_n4000_025,
nbody,native_tile,nvidia_h100_sxm,small,26,0.360704,886.93221,1,2026-03-28T22:31:25Z,nbody_native_tile_nvidia_h100_sxm_small_n4000_026,
nbody,native_tile,nvidia_h100_sxm,small,27,0.36128,885.518172,1,2026-03-28T22:31:25Z,nbody_native_tile_nvidia_h100_sxm_small_n4000_027,
nbody,native_tile,nvidia_h100_sxm,small,28,0.360768,886.774904,1,2026-03-28T22:31:25Z,nbody_native_tile_nvidia_h100_sxm_small_n4000_028,
nbody,native_tile,nvidia_h100_sxm,small,29,0.361632,884.656251,1,2026-03-28T22:31:25Z,nbody_native_tile_nvidia_h100_sxm_small_n4000_029,
nbody,native_tile,nvidia_h100_sxm,small,30,0.360768,886.774904,1,2026-03-28T22:31:25Z,nbody_native_tile_nvidia_h100_sxm_small_n4000_030,
nbody,native,nvidia_h100_sxm,medium,1,0.024832,1391.752628,1,2026-03-28T22:31:26Z,nbody_native_notile_nvidia_h100_sxm_medium_n32000_001,
nbody,native,nvidia_h100_sxm,medium,2,0.022784,1516.853915,1,2026-03-28T22:31:26Z,nbody_native_notile_nvidia_h100_sxm_medium_n32000_002,
nbody,native,nvidia_h100_sxm,medium,3,0.023584,1465.400224,1,2026-03-28T22:31:26Z,nbody_native_notile_nvidia_h100_sxm_medium_n32000_003,
nbody,native,nvidia_h100_sxm,medium,4,0.022816,1514.726474,1,2026-03-28T22:31:26Z,nbody_native_notile_nvidia_h100_sxm_medium_n32000_004,
nbody,native,nvidia_h100_sxm,medium,5,0.022976,1504.178282,1,2026-03-28T22:31:26Z,nbody_native_notile_nvidia_h100_sxm_medium_n32000_005,
nbody,native,nvidia_h100_sxm,medium,6,0.023136,1493.775984,1,2026-03-28T22:31:26Z,nbody_native_notile_nvidia_h100_sxm_medium_n32000_006,
nbody,native,nvidia_h100_sxm,medium,7,0.022912,1508.379929,1,2026-03-28T22:31:26Z,nbody_native_notile_nvidia_h100_sxm_medium_n32000_007,
nbody,native,nvidia_h100_sxm,medium,8,0.02336,1479.451996,1,2026-03-28T22:31:26Z,nbody_native_notile_nvidia_h100_sxm_medium_n32000_008,
nbody,native,nvidia_h100_sxm,medium,9,0.023168,1491.712742,1,2026-03-28T22:31:26Z,nbody_native_notile_nvidia_h100_sxm_medium_n32000_009,
nbody,native,nvidia_h100_sxm,medium,10,0.02288,1510.489568,1,2026-03-28T22:31:26Z,nbody_native_notile_nvidia_h100_sxm_medium_n32000_010,
nbody,native,nvidia_h100_sxm,medium,11,0.02288,1510.489568,1,2026-03-28T22:31:26Z,nbody_native_notile_nvidia_h100_sxm_medium_n32000_011,
nbody,native,nvidia_h100_sxm,medium,12,0.023104,1495.844821,1,2026-03-28T22:31:26Z,nbody_native_notile_nvidia_h100_sxm_medium_n32000_012,
nbody,native,nvidia_h100_sxm,medium,13,0.02336,1479.451996,1,2026-03-28T22:31:26Z,nbody_native_notile_nvidia_h100_sxm_medium_n32000_013,
nbody,native,nvidia_h100_sxm,medium,14,0.023008,1502.086224,1,2026-03-28T22:31:26Z,nbody_native_notile_nvidia_h100_sxm_medium_n32000_014,
nbody,native,nvidia_h100_sxm,medium,15,0.023424,1475.409865,1,2026-03-28T22:31:26Z,nbody_native_notile_nvidia_h100_sxm_medium_n32000_015,
nbody,native,nvidia_h100_sxm,medium,16,0.023008,1502.086224,1,2026-03-28T22:31:26Z,nbody_native_notile_nvidia_h100_sxm_medium_n32000_016,
nbody,native,nvidia_h100_sxm,medium,17,0.022912,1508.379929,1,2026-03-28T22:31:26Z,nbody_native_notile_nvidia_h100_sxm_medium_n32000_017,
nbody,native,nvidia_h100_sxm,medium,18,0.024128,1432.360783,1,2026-03-28T22:31:26Z,nbody_native_notile_nvidia_h100_sxm_medium_n32000_018,
nbody,native,nvidia_h100_sxm,medium,19,0.022944,1506.276176,1,2026-03-28T22:31:26Z,nbody_native_notile_nvidia_h100_sxm_medium_n32000_019,
nbody,native,nvidia_h100_sxm,medium,20,0.0232,1489.655191,1,2026-03-28T22:31:26Z,nbody_native_notile_nvidia_h100_sxm_medium_n32000_020,
nbody,native,nvidia_h100_sxm,medium,21,0.0232,1489.655191,1,2026-03-28T22:31:26Z,nbody_native_notile_nvidia_h100_sxm_medium_n32000_021,
nbody,native,nvidia_h100_sxm,medium,22,0.022912,1508.379929,1,2026-03-28T22:31:26Z,nbody_native_notile_nvidia_h100_sxm_medium_n32000_022,
nbody,native,nvidia_h100_sxm,medium,23,0.02336,1479.451996,1,2026-03-28T22:31:26Z,nbody_native_notile_nvidia_h100_sxm_medium_n32000_023,
nbody,native,nvidia_h100_sxm,medium,24,0.022624,1527.581268,1,2026-03-28T22:31:26Z,nbody_native_notile_nvidia_h100_sxm_medium_n32000_024,
nbody,native,nvidia_h100_sxm,medium,25,0.023584,1465.400224,1,2026-03-28T22:31:26Z,nbody_native_notile_nvidia_h100_sxm_medium_n32000_025,
nbody,native,nvidia_h100_sxm,medium,26,0.02304,1499.999977,1,2026-03-28T22:31:26Z,nbody_native_notile_nvidia_h100_sxm_medium_n32000_026,
nbody,native,nvidia_h100_sxm,medium,27,0.022944,1506.276176,1,2026-03-28T22:31:26Z,nbody_native_notile_nvidia_h100_sxm_medium_n32000_027,
nbody,native,nvidia_h100_sxm,medium,28,0.023232,1487.603309,1,2026-03-28T22:31:26Z,nbody_native_notile_nvidia_h100_sxm_medium_n32000_028,
nbody,native,nvidia_h100_sxm,medium,29,0.023136,1493.775984,1,2026-03-28T22:31:26Z,nbody_native_notile_nvidia_h100_sxm_medium_n32000_029,
nbody,native,nvidia_h100_sxm,medium,30,0.023392,1477.428225,1,2026-03-28T22:31:26Z,nbody_native_notile_nvidia_h100_sxm_medium_n32000_030,
nbody,native_tile,nvidia_h100_sxm,medium,1,2.729632,7502.608683,1,2026-03-28T22:31:28Z,nbody_native_tile_nvidia_h100_sxm_medium_n32000_001,
nbody,native_tile,nvidia_h100_sxm,medium,2,2.728128,7506.744672,1,2026-03-28T22:31:28Z,nbody_native_tile_nvidia_h100_sxm_medium_n32000_002,
nbody,native_tile,nvidia_h100_sxm,medium,3,2.7288,7504.895764,1,2026-03-28T22:31:28Z,nbody_native_tile_nvidia_h100_sxm_medium_n32000_003,
nbody,native_tile,nvidia_h100_sxm,medium,4,2.728256,7506.392397,1,2026-03-28T22:31:28Z,nbody_native_tile_nvidia_h100_sxm_medium_n32000_004,
nbody,native_tile,nvidia_h100_sxm,medium,5,2.72688,7510.17993,1,2026-03-28T22:31:28Z,nbody_native_tile_nvidia_h100_sxm_medium_n32000_005,
nbody,native_tile,nvidia_h100_sxm,medium,6,2.728256,7506.392397,1,2026-03-28T22:31:28Z,nbody_native_tile_nvidia_h100_sxm_medium_n32000_006,
nbody,native_tile,nvidia_h100_sxm,medium,7,2.72848,7505.775833,1,2026-03-28T22:31:28Z,nbody_native_tile_nvidia_h100_sxm_medium_n32000_007,
nbody,native_tile,nvidia_h100_sxm,medium,8,2.726688,7510.709216,1,2026-03-28T22:31:28Z,nbody_native_tile_nvidia_h100_sxm_medium_n32000_008,
nbody,native_tile,nvidia_h100_sxm,medium,9,2.728544,7505.600065,1,2026-03-28T22:31:28Z,nbody_native_tile_nvidia_h100_sxm_medium_n32000_009,
nbody,native_tile,nvidia_h100_sxm,medium,10,2.727616,7508.153443,1,2026-03-28T22:31:28Z,nbody_native_tile_nvidia_h100_sxm_medium_n32000_010,
nbody,native_tile,nvidia_h100_sxm,medium,11,2.728896,7504.632178,1,2026-03-28T22:31:28Z,nbody_native_tile_nvidia_h100_sxm_medium_n32000_011,
nbody,native_tile,nvidia_h100_sxm,medium,12,2.727488,7508.505883,1,2026-03-28T22:31:28Z,nbody_native_tile_nvidia_h100_sxm_medium_n32000_012,
nbody,native_tile,nvidia_h100_sxm,medium,13,2.730624,7499.882919,1,2026-03-28T22:31:28Z,nbody_native_tile_nvidia_h100_sxm_medium_n32000_013,
nbody,native_tile,nvidia_h100_sxm,medium,14,2.730016,7501.553123,1,2026-03-28T22:31:28Z,nbody_native_tile_nvidia_h100_sxm_medium_n32000_014,
nbody,native_tile,nvidia_h100_sxm,medium,15,2.728512,7505.687948,1,2026-03-28T22:31:28Z,nbody_native_tile_nvidia_h100_sxm_medium_n32000_015,
nbody,native_tile,nvidia_h100_sxm,medium,16,2.728864,7504.720038,1,2026-03-28T22:31:28Z,nbody_native_tile_nvidia_h100_sxm_medium_n32000_016,
nbody,native_tile,nvidia_h100_sxm,medium,17,2.731584,7497.246821,1,2026-03-28T22:31:28Z,nbody_native_tile_nvidia_h100_sxm_medium_n32000_017,
nbody,native_tile,nvidia_h100_sxm,medium,18,2.730304,7500.761812,1,2026-03-28T22:31:28Z,nbody_native_tile_nvidia_h100_sxm_medium_n32000_018,
nbody,native_tile,nvidia_h100_sxm,medium,19,2.728096,7506.832581,1,2026-03-28T22:31:28Z,nbody_native_tile_nvidia_h100_sxm_medium_n32000_019,
nbody,native_tile,nvidia_h100_sxm,medium,20,2.728,7507.096979,1,2026-03-28T22:31:28Z,nbody_native_tile_nvidia_h100_sxm_medium_n32000_020,
nbody,native_tile,nvidia_h100_sxm,medium,21,2.72896,7504.455808,1,2026-03-28T22:31:28Z,nbody_native_tile_nvidia_h100_sxm_medium_n32000_021,
nbody,native_tile,nvidia_h100_sxm,medium,22,2.72832,7506.216601,1,2026-03-28T22:31:28Z,nbody_native_tile_nvidia_h100_sxm_medium_n32000_022,
nbody,native_tile,nvidia_h100_sxm,medium,23,2.729504,7502.959947,1,2026-03-28T22:31:28Z,nbody_native_tile_nvidia_h100_sxm_medium_n32000_023,
nbody,native_tile,nvidia_h100_sxm,medium,24,2.727168,7509.386798,1,2026-03-28T22:31:28Z,nbody_native_tile_nvidia_h100_sxm_medium_n32000_024,
nbody,native_tile,nvidia_h100_sxm,medium,25,2.727488,7508.505883,1,2026-03-28T22:31:28Z,nbody_native_tile_nvidia_h100_sxm_medium_n32000_025,
nbody,native_tile,nvidia_h100_sxm,medium,26,2.728064,7506.920493,1,2026-03-28T22:31:28Z,nbody_native_tile_nvidia_h100_sxm_medium_n32000_026,
nbody,native_tile,nvidia_h100_sxm,medium,27,2.727648,7508.065502,1,2026-03-28T22:31:28Z,nbody_native_tile_nvidia_h100_sxm_medium_n32000_027,
nbody,native_tile,nvidia_h100_sxm,medium,28,2.726304,7511.766697,1,2026-03-28T22:31:28Z,nbody_native_tile_nvidia_h100_sxm_medium_n32000_028,
nbody,native_tile,nvidia_h100_sxm,medium,29,2.728224,7506.480299,1,2026-03-28T22:31:28Z,nbody_native_tile_nvidia_h100_sxm_medium_n32000_029,
nbody,native_tile,nvidia_h100_sxm,medium,30,2.729984,7501.640912,1,2026-03-28T22:31:28Z,nbody_native_tile_nvidia_h100_sxm_medium_n32000_030,
nbody,native,nvidia_h100_sxm,large,1,0.165312,1672.473796,1,2026-03-28T22:31:30Z,nbody_native_notile_nvidia_h100_sxm_large_n256000_001,
nbody,native,nvidia_h100_sxm,large,2,0.164192,1683.882223,1,2026-03-28T22:31:30Z,nbody_native_notile_nvidia_h100_sxm_large_n256000_002,
nbody,native,nvidia_h100_sxm,large,3,0.163456,1691.464443,1,2026-03-28T22:31:30Z,nbody_native_notile_nvidia_h100_sxm_large_n256000_003,
nbody,native,nvidia_h100_sxm,large,4,0.160832,1719.060854,1,2026-03-28T22:31:30Z,nbody_native_notile_nvidia_h100_sxm_large_n256000_004,
nbody,native,nvidia_h100_sxm,large,5,0.16224,1704.142027,1,2026-03-28T22:31:30Z,nbody_native_notile_nvidia_h100_sxm_large_n256000_005,
nbody,native,nvidia_h100_sxm,large,6,0.164384,1681.915591,1,2026-03-28T22:31:30Z,nbody_native_notile_nvidia_h100_sxm_large_n256000_006,
nbody,native,nvidia_h100_sxm,large,7,0.164224,1683.554182,1,2026-03-28T22:31:30Z,nbody_native_notile_nvidia_h100_sxm_large_n256000_007,
nbody,native,nvidia_h100_sxm,large,8,0.161152,1715.647284,1,2026-03-28T22:31:30Z,nbody_native_notile_nvidia_h100_sxm_large_n256000_008,
nbody,native,nvidia_h100_sxm,large,9,0.160352,1724.206675,1,2026-03-28T22:31:30Z,nbody_native_notile_nvidia_h100_sxm_large_n256000_009,
nbody,native,nvidia_h100_sxm,large,10,0.161952,1707.172455,1,2026-03-28T22:31:30Z,nbody_native_notile_nvidia_h100_sxm_large_n256000_010,
nbody,native,nvidia_h100_sxm,large,11,0.162528,1701.122338,1,2026-03-28T22:31:30Z,nbody_native_notile_nvidia_h100_sxm_large_n256000_011,
nbody,native,nvidia_h100_sxm,large,12,0.163104,1695.114797,1,2026-03-28T22:31:30Z,nbody_native_notile_nvidia_h100_sxm_large_n256000_012,
nbody,native,nvidia_h100_sxm,large,13,0.16032,1724.55091,1,2026-03-28T22:31:30Z,nbody_native_notile_nvidia_h100_sxm_large_n256000_013,
nbody,native,nvidia_h100_sxm,large,14,0.1616,1710.891156,1,2026-03-28T22:31:30Z,nbody_native_notile_nvidia_h100_sxm_large_n256000_014,
nbody,native,nvidia_h100_sxm,large,15,0.161312,1713.945657,1,2026-03-28T22:31:30Z,nbody_native_notile_nvidia_h100_sxm_large_n256000_015,
nbody,native,nvidia_h100_sxm,large,16,0.15984,1729.729701,1,2026-03-28T22:31:30Z,nbody_native_notile_nvidia_h100_sxm_large_n256000_016,
nbody,native,nvidia_h100_sxm,large,17,0.161696,1709.875302,1,2026-03-28T22:31:30Z,nbody_native_notile_nvidia_h100_sxm_large_n256000_017,
nbody,native,nvidia_h100_sxm,large,18,0.16048,1722.831585,1,2026-03-28T22:31:30Z,nbody_native_notile_nvidia_h100_sxm_large_n256000_018,
nbody,native,nvidia_h100_sxm,large,19,0.16384,1687.500043,1,2026-03-28T22:31:30Z,nbody_native_notile_nvidia_h100_sxm_large_n256000_019,
nbody,native,nvidia_h100_sxm,large,20,0.161568,1711.229937,1,2026-03-28T22:31:30Z,nbody_native_notile_nvidia_h100_sxm_large_n256000_020,
nbody,native,nvidia_h100_sxm,large,21,0.161344,1713.605641,1,2026-03-28T22:31:30Z,nbody_native_notile_nvidia_h100_sxm_large_n256000_021,
nbody,native,nvidia_h100_sxm,large,22,0.16048,1722.831585,1,2026-03-28T22:31:30Z,nbody_native_notile_nvidia_h100_sxm_large_n256000_022,
nbody,native,nvidia_h100_sxm,large,23,0.16176,1709.198788,1,2026-03-28T22:31:30Z,nbody_native_notile_nvidia_h100_sxm_large_n256000_023,
nbody,native,nvidia_h100_sxm,large,24,0.161088,1716.328913,1,2026-03-28T22:31:30Z,nbody_native_notile_nvidia_h100_sxm_large_n256000_024,
nbody,native,nvidia_h100_sxm,large,25,0.162208,1704.47814,1,2026-03-28T22:31:30Z,nbody_native_notile_nvidia_h100_sxm_large_n256000_025,
nbody,native,nvidia_h100_sxm,large,26,0.16208,1705.824234,1,2026-03-28T22:31:30Z,nbody_native_notile_nvidia_h100_sxm_large_n256000_026,
nbody,native,nvidia_h100_sxm,large,27,0.163712,1688.819443,1,2026-03-28T22:31:30Z,nbody_native_notile_nvidia_h100_sxm_large_n256000_027,
nbody,native,nvidia_h100_sxm,large,28,0.16096,1717.693797,1,2026-03-28T22:31:30Z,nbody_native_notile_nvidia_h100_sxm_large_n256000_028,
nbody,native,nvidia_h100_sxm,large,29,0.16144,1712.58672,1,2026-03-28T22:31:30Z,nbody_native_notile_nvidia_h100_sxm_large_n256000_029,
nbody,native,nvidia_h100_sxm,large,30,0.163648,1689.479917,1,2026-03-28T22:31:30Z,nbody_native_notile_nvidia_h100_sxm_large_n256000_030,
nbody,native_tile,nvidia_h100_sxm,large,1,83.259392,15742.5469,1,2026-03-28T22:31:39Z,nbody_native_tile_nvidia_h100_sxm_large_n256000_001,
nbody,native_tile,nvidia_h100_sxm,large,2,83.233856,15747.376606,1,2026-03-28T22:31:39Z,nbody_native_tile_nvidia_h100_sxm_large_n256000_002,
nbody,native_tile,nvidia_h100_sxm,large,3,83.225761,15748.908244,1,2026-03-28T22:31:39Z,nbody_native_tile_nvidia_h100_sxm_large_n256000_003,
nbody,native_tile,nvidia_h100_sxm,large,4,83.408386,15714.425602,1,2026-03-28T22:31:39Z,nbody_native_tile_nvidia_h100_sxm_large_n256000_004,
nbody,native_tile,nvidia_h100_sxm,large,5,83.443169,15707.875208,1,2026-03-28T22:31:39Z,nbody_native_tile_nvidia_h100_sxm_large_n256000_005,
nbody,native_tile,nvidia_h100_sxm,large,6,83.342529,15726.843078,1,2026-03-28T22:31:39Z,nbody_native_tile_nvidia_h100_sxm_large_n256000_006,
nbody,native_tile,nvidia_h100_sxm,large,7,83.235519,15747.061943,1,2026-03-28T22:31:39Z,nbody_native_tile_nvidia_h100_sxm_large_n256000_007,
nbody,native_tile,nvidia_h100_sxm,large,8,83.229408,15748.218176,1,2026-03-28T22:31:39Z,nbody_native_tile_nvidia_h100_sxm_large_n256000_008,
nbody,native_tile,nvidia_h100_sxm,large,9,83.222946,15749.440994,1,2026-03-28T22:31:39Z,nbody_native_tile_nvidia_h100_sxm_large_n256000_009,
nbody,native_tile,nvidia_h100_sxm,large,10,83.238243,15746.546673,1,2026-03-28T22:31:39Z,nbody_native_tile_nvidia_h100_sxm_large_n256000_010,
nbody,native_tile,nvidia_h100_sxm,large,11,83.225311,15748.993423,1,2026-03-28T22:31:39Z,nbody_native_tile_nvidia_h100_sxm_large_n256000_011,
nbody,native_tile,nvidia_h100_sxm,large,12,83.227966,15748.49102,1,2026-03-28T22:31:39Z,nbody_native_tile_nvidia_h100_sxm_large_n256000_012,
nbody,native_tile,nvidia_h100_sxm,large,13,83.219681,15750.058972,1,2026-03-28T22:31:39Z,nbody_native_tile_nvidia_h100_sxm_large_n256000_013,
nbody,native_tile,nvidia_h100_sxm,large,14,83.22467,15749.114698,1,2026-03-28T22:31:39Z,nbody_native_tile_nvidia_h100_sxm_large_n256000_014,
nbody,native_tile,nvidia_h100_sxm,large,15,83.231071,15747.903479,1,2026-03-28T22:31:39Z,nbody_native_tile_nvidia_h100_sxm_large_n256000_015,
nbody,native_tile,nvidia_h100_sxm,large,16,83.243645,15745.524893,1,2026-03-28T22:31:39Z,nbody_native_tile_nvidia_h100_sxm_large_n256000_016,
nbody,native_tile,nvidia_h100_sxm,large,17,83.342979,15726.758138,1,2026-03-28T22:31:39Z,nbody_native_tile_nvidia_h100_sxm_large_n256000_017,
nbody,native_tile,nvidia_h100_sxm,large,18,83.440926,15708.297464,1,2026-03-28T22:31:39Z,nbody_native_tile_nvidia_h100_sxm_large_n256000_018,
nbody,native_tile,nvidia_h100_sxm,large,19,83.443199,15707.869464,1,2026-03-28T22:31:39Z,nbody_native_tile_nvidia_h100_sxm_large_n256000_019,
nbody,native_tile,nvidia_h100_sxm,large,20,83.430595,15710.242433,1,2026-03-28T22:31:39Z,nbody_native_tile_nvidia_h100_sxm_large_n256000_020,
nbody,native_tile,nvidia_h100_sxm,large,21,83.21402,15751.130441,1,2026-03-28T22:31:39Z,nbody_native_tile_nvidia_h100_sxm_large_n256000_021,
nbody,native_tile,nvidia_h100_sxm,large,22,83.225281,15748.999198,1,2026-03-28T22:31:39Z,nbody_native_tile_nvidia_h100_sxm_large_n256000_022,
nbody,native_tile,nvidia_h100_sxm,large,23,83.229439,15748.212402,1,2026-03-28T22:31:39Z,nbody_native_tile_nvidia_h100_sxm_large_n256000_023,
nbody,native_tile,nvidia_h100_sxm,large,24,83.232124,15747.704274,1,2026-03-28T22:31:39Z,nbody_native_tile_nvidia_h100_sxm_large_n256000_024,
nbody,native_tile,nvidia_h100_sxm,large,25,83.224579,15749.132023,1,2026-03-28T22:31:39Z,nbody_native_tile_nvidia_h100_sxm_large_n256000_025,
nbody,native_tile,nvidia_h100_sxm,large,26,83.221123,15749.786074,1,2026-03-28T22:31:39Z,nbody_native_tile_nvidia_h100_sxm_large_n256000_026,
nbody,native_tile,nvidia_h100_sxm,large,27,83.225983,15748.866376,1,2026-03-28T22:31:39Z,nbody_native_tile_nvidia_h100_sxm_large_n256000_027,
nbody,native_tile,nvidia_h100_sxm,large,28,83.243294,15745.591275,1,2026-03-28T22:31:39Z,nbody_native_tile_nvidia_h100_sxm_large_n256000_028,
nbody,native_tile,nvidia_h100_sxm,large,29,83.235039,15747.152877,1,2026-03-28T22:31:39Z,nbody_native_tile_nvidia_h100_sxm_large_n256000_029,
nbody,native_tile,nvidia_h100_sxm,large,30,83.315491,15731.946948,1,2026-03-28T22:31:39Z,nbody_native_tile_nvidia_h100_sxm_large_n256000_030,
