timestamp,experiment_id,kernel,abstraction,platform,matrix_type,problem_size,n_rows,nnz,n_levels,max_level_width,min_level_width,run_id,execution_time_ms,throughput_gflops,hw_state_verified
2026-03-16T00:51:31Z,sptrsv_raja_nvidia_rtx5060_laptop_lower_triangular_laplacian_small_n256_001,sptrsv,raja,nvidia_rtx5060_laptop,lower_triangular_laplacian,small,256,736,31,16,1,1,0.375952,0.003915,1
2026-03-16T00:51:31Z,sptrsv_raja_nvidia_rtx5060_laptop_lower_triangular_laplacian_small_n256_002,sptrsv,raja,nvidia_rtx5060_laptop,lower_triangular_laplacian,small,256,736,31,16,1,2,0.402852,0.003654,1
2026-03-16T00:51:31Z,sptrsv_raja_nvidia_rtx5060_laptop_lower_triangular_laplacian_small_n256_003,sptrsv,raja,nvidia_rtx5060_laptop,lower_triangular_laplacian,small,256,736,31,16,1,3,0.355109,0.004145,1
2026-03-16T00:51:31Z,sptrsv_raja_nvidia_rtx5060_laptop_lower_triangular_laplacian_small_n256_004,sptrsv,raja,nvidia_rtx5060_laptop,lower_triangular_laplacian,small,256,736,31,16,1,4,0.311638,0.004723,0
2026-03-16T00:51:31Z,sptrsv_raja_nvidia_rtx5060_laptop_lower_triangular_laplacian_small_n256_005,sptrsv,raja,nvidia_rtx5060_laptop,lower_triangular_laplacian,small,256,736,31,16,1,5,0.315126,0.004671,0
2026-03-16T00:51:31Z,sptrsv_raja_nvidia_rtx5060_laptop_lower_triangular_laplacian_small_n256_006,sptrsv,raja,nvidia_rtx5060_laptop,lower_triangular_laplacian,small,256,736,31,16,1,6,0.306043,0.004810,0
2026-03-16T00:51:31Z,sptrsv_raja_nvidia_rtx5060_laptop_lower_triangular_laplacian_small_n256_007,sptrsv,raja,nvidia_rtx5060_laptop,lower_triangular_laplacian,small,256,736,31,16,1,7,0.365601,0.004026,1
2026-03-16T00:51:31Z,sptrsv_raja_nvidia_rtx5060_laptop_lower_triangular_laplacian_small_n256_008,sptrsv,raja,nvidia_rtx5060_laptop,lower_triangular_laplacian,small,256,736,31,16,1,8,0.392778,0.003748,1
2026-03-16T00:51:31Z,sptrsv_raja_nvidia_rtx5060_laptop_lower_triangular_laplacian_small_n256_009,sptrsv,raja,nvidia_rtx5060_laptop,lower_triangular_laplacian,small,256,736,31,16,1,9,0.381312,0.003860,1
2026-03-16T00:51:31Z,sptrsv_raja_nvidia_rtx5060_laptop_lower_triangular_laplacian_small_n256_010,sptrsv,raja,nvidia_rtx5060_laptop,lower_triangular_laplacian,small,256,736,31,16,1,10,0.404154,0.003642,1
2026-03-16T00:51:31Z,sptrsv_raja_nvidia_rtx5060_laptop_lower_triangular_laplacian_small_n256_011,sptrsv,raja,nvidia_rtx5060_laptop,lower_triangular_laplacian,small,256,736,31,16,1,11,0.391983,0.003755,1
2026-03-16T00:51:31Z,sptrsv_raja_nvidia_rtx5060_laptop_lower_triangular_laplacian_small_n256_012,sptrsv,raja,nvidia_rtx5060_laptop,lower_triangular_laplacian,small,256,736,31,16,1,12,0.392689,0.003749,1
2026-03-16T00:51:31Z,sptrsv_raja_nvidia_rtx5060_laptop_lower_triangular_laplacian_small_n256_013,sptrsv,raja,nvidia_rtx5060_laptop,lower_triangular_laplacian,small,256,736,31,16,1,13,0.402256,0.003659,1
2026-03-16T00:51:31Z,sptrsv_raja_nvidia_rtx5060_laptop_lower_triangular_laplacian_small_n256_014,sptrsv,raja,nvidia_rtx5060_laptop,lower_triangular_laplacian,small,256,736,31,16,1,14,0.392122,0.003754,1
2026-03-16T00:51:31Z,sptrsv_raja_nvidia_rtx5060_laptop_lower_triangular_laplacian_small_n256_015,sptrsv,raja,nvidia_rtx5060_laptop,lower_triangular_laplacian,small,256,736,31,16,1,15,0.395688,0.003720,1
2026-03-16T00:51:31Z,sptrsv_raja_nvidia_rtx5060_laptop_lower_triangular_laplacian_small_n256_016,sptrsv,raja,nvidia_rtx5060_laptop,lower_triangular_laplacian,small,256,736,31,16,1,16,0.388686,0.003787,1
2026-03-16T00:51:31Z,sptrsv_raja_nvidia_rtx5060_laptop_lower_triangular_laplacian_small_n256_017,sptrsv,raja,nvidia_rtx5060_laptop,lower_triangular_laplacian,small,256,736,31,16,1,17,0.393108,0.003745,1
2026-03-16T00:51:31Z,sptrsv_raja_nvidia_rtx5060_laptop_lower_triangular_laplacian_small_n256_018,sptrsv,raja,nvidia_rtx5060_laptop,lower_triangular_laplacian,small,256,736,31,16,1,18,0.401628,0.003665,1
2026-03-16T00:51:31Z,sptrsv_raja_nvidia_rtx5060_laptop_lower_triangular_laplacian_small_n256_019,sptrsv,raja,nvidia_rtx5060_laptop,lower_triangular_laplacian,small,256,736,31,16,1,19,0.395872,0.003718,1
2026-03-16T00:51:31Z,sptrsv_raja_nvidia_rtx5060_laptop_lower_triangular_laplacian_small_n256_020,sptrsv,raja,nvidia_rtx5060_laptop,lower_triangular_laplacian,small,256,736,31,16,1,20,0.410088,0.003589,1
2026-03-16T00:51:31Z,sptrsv_raja_nvidia_rtx5060_laptop_lower_triangular_laplacian_small_n256_021,sptrsv,raja,nvidia_rtx5060_laptop,lower_triangular_laplacian,small,256,736,31,16,1,21,0.396491,0.003713,1
2026-03-16T00:51:31Z,sptrsv_raja_nvidia_rtx5060_laptop_lower_triangular_laplacian_small_n256_022,sptrsv,raja,nvidia_rtx5060_laptop,lower_triangular_laplacian,small,256,736,31,16,1,22,0.396185,0.003715,1
2026-03-16T00:51:31Z,sptrsv_raja_nvidia_rtx5060_laptop_lower_triangular_laplacian_small_n256_023,sptrsv,raja,nvidia_rtx5060_laptop,lower_triangular_laplacian,small,256,736,31,16,1,23,0.385742,0.003816,1
2026-03-16T00:51:31Z,sptrsv_raja_nvidia_rtx5060_laptop_lower_triangular_laplacian_small_n256_024,sptrsv,raja,nvidia_rtx5060_laptop,lower_triangular_laplacian,small,256,736,31,16,1,24,0.379882,0.003875,1
2026-03-16T00:51:31Z,sptrsv_raja_nvidia_rtx5060_laptop_lower_triangular_laplacian_small_n256_025,sptrsv,raja,nvidia_rtx5060_laptop,lower_triangular_laplacian,small,256,736,31,16,1,25,0.385516,0.003818,1
2026-03-16T00:51:31Z,sptrsv_raja_nvidia_rtx5060_laptop_lower_triangular_laplacian_small_n256_026,sptrsv,raja,nvidia_rtx5060_laptop,lower_triangular_laplacian,small,256,736,31,16,1,26,0.377737,0.003897,1
2026-03-16T00:51:31Z,sptrsv_raja_nvidia_rtx5060_laptop_lower_triangular_laplacian_small_n256_027,sptrsv,raja,nvidia_rtx5060_laptop,lower_triangular_laplacian,small,256,736,31,16,1,27,0.370997,0.003968,1
2026-03-16T00:51:31Z,sptrsv_raja_nvidia_rtx5060_laptop_lower_triangular_laplacian_small_n256_028,sptrsv,raja,nvidia_rtx5060_laptop,lower_triangular_laplacian,small,256,736,31,16,1,28,0.304137,0.004840,0
2026-03-16T00:51:31Z,sptrsv_raja_nvidia_rtx5060_laptop_lower_triangular_laplacian_small_n256_029,sptrsv,raja,nvidia_rtx5060_laptop,lower_triangular_laplacian,small,256,736,31,16,1,29,0.306724,0.004799,0
2026-03-16T00:51:31Z,sptrsv_raja_nvidia_rtx5060_laptop_lower_triangular_laplacian_small_n256_030,sptrsv,raja,nvidia_rtx5060_laptop,lower_triangular_laplacian,small,256,736,31,16,1,30,0.298902,0.004925,0
2026-03-16T00:51:31Z,sptrsv_raja_nvidia_rtx5060_laptop_lower_triangular_laplacian_medium_n2070_001,sptrsv,raja,nvidia_rtx5060_laptop,lower_triangular_laplacian,medium,2070,6119,90,45,1,1,0.887589,0.013788,1
2026-03-16T00:51:31Z,sptrsv_raja_nvidia_rtx5060_laptop_lower_triangular_laplacian_medium_n2070_002,sptrsv,raja,nvidia_rtx5060_laptop,lower_triangular_laplacian,medium,2070,6119,90,45,1,2,0.867165,0.014113,1
2026-03-16T00:51:31Z,sptrsv_raja_nvidia_rtx5060_laptop_lower_triangular_laplacian_medium_n2070_003,sptrsv,raja,nvidia_rtx5060_laptop,lower_triangular_laplacian,medium,2070,6119,90,45,1,3,0.877134,0.013952,1
2026-03-16T00:51:31Z,sptrsv_raja_nvidia_rtx5060_laptop_lower_triangular_laplacian_medium_n2070_004,sptrsv,raja,nvidia_rtx5060_laptop,lower_triangular_laplacian,medium,2070,6119,90,45,1,4,0.868962,0.014083,1
2026-03-16T00:51:31Z,sptrsv_raja_nvidia_rtx5060_laptop_lower_triangular_laplacian_medium_n2070_005,sptrsv,raja,nvidia_rtx5060_laptop,lower_triangular_laplacian,medium,2070,6119,90,45,1,5,0.912860,0.013406,1
2026-03-16T00:51:31Z,sptrsv_raja_nvidia_rtx5060_laptop_lower_triangular_laplacian_medium_n2070_006,sptrsv,raja,nvidia_rtx5060_laptop,lower_triangular_laplacian,medium,2070,6119,90,45,1,6,0.998821,0.012252,1
2026-03-16T00:51:31Z,sptrsv_raja_nvidia_rtx5060_laptop_lower_triangular_laplacian_medium_n2070_007,sptrsv,raja,nvidia_rtx5060_laptop,lower_triangular_laplacian,medium,2070,6119,90,45,1,7,0.881193,0.013888,1
2026-03-16T00:51:31Z,sptrsv_raja_nvidia_rtx5060_laptop_lower_triangular_laplacian_medium_n2070_008,sptrsv,raja,nvidia_rtx5060_laptop,lower_triangular_laplacian,medium,2070,6119,90,45,1,8,0.879556,0.013914,1
2026-03-16T00:51:31Z,sptrsv_raja_nvidia_rtx5060_laptop_lower_triangular_laplacian_medium_n2070_009,sptrsv,raja,nvidia_rtx5060_laptop,lower_triangular_laplacian,medium,2070,6119,90,45,1,9,0.880813,0.013894,1
2026-03-16T00:51:31Z,sptrsv_raja_nvidia_rtx5060_laptop_lower_triangular_laplacian_medium_n2070_010,sptrsv,raja,nvidia_rtx5060_laptop,lower_triangular_laplacian,medium,2070,6119,90,45,1,10,0.884692,0.013833,1
2026-03-16T00:51:31Z,sptrsv_raja_nvidia_rtx5060_laptop_lower_triangular_laplacian_medium_n2070_011,sptrsv,raja,nvidia_rtx5060_laptop,lower_triangular_laplacian,medium,2070,6119,90,45,1,11,0.868954,0.014084,1
2026-03-16T00:51:31Z,sptrsv_raja_nvidia_rtx5060_laptop_lower_triangular_laplacian_medium_n2070_012,sptrsv,raja,nvidia_rtx5060_laptop,lower_triangular_laplacian,medium,2070,6119,90,45,1,12,0.870032,0.014066,1
2026-03-16T00:51:31Z,sptrsv_raja_nvidia_rtx5060_laptop_lower_triangular_laplacian_medium_n2070_013,sptrsv,raja,nvidia_rtx5060_laptop,lower_triangular_laplacian,medium,2070,6119,90,45,1,13,0.876705,0.013959,1
2026-03-16T00:51:31Z,sptrsv_raja_nvidia_rtx5060_laptop_lower_triangular_laplacian_medium_n2070_014,sptrsv,raja,nvidia_rtx5060_laptop,lower_triangular_laplacian,medium,2070,6119,90,45,1,14,0.863339,0.014175,1
2026-03-16T00:51:31Z,sptrsv_raja_nvidia_rtx5060_laptop_lower_triangular_laplacian_medium_n2070_015,sptrsv,raja,nvidia_rtx5060_laptop,lower_triangular_laplacian,medium,2070,6119,90,45,1,15,0.868124,0.014097,1
2026-03-16T00:51:31Z,sptrsv_raja_nvidia_rtx5060_laptop_lower_triangular_laplacian_medium_n2070_016,sptrsv,raja,nvidia_rtx5060_laptop,lower_triangular_laplacian,medium,2070,6119,90,45,1,16,0.874804,0.013989,1
2026-03-16T00:51:31Z,sptrsv_raja_nvidia_rtx5060_laptop_lower_triangular_laplacian_medium_n2070_017,sptrsv,raja,nvidia_rtx5060_laptop,lower_triangular_laplacian,medium,2070,6119,90,45,1,17,0.873179,0.014015,1
2026-03-16T00:51:31Z,sptrsv_raja_nvidia_rtx5060_laptop_lower_triangular_laplacian_medium_n2070_018,sptrsv,raja,nvidia_rtx5060_laptop,lower_triangular_laplacian,medium,2070,6119,90,45,1,18,0.875290,0.013982,1
2026-03-16T00:51:31Z,sptrsv_raja_nvidia_rtx5060_laptop_lower_triangular_laplacian_medium_n2070_019,sptrsv,raja,nvidia_rtx5060_laptop,lower_triangular_laplacian,medium,2070,6119,90,45,1,19,0.872622,0.014024,1
2026-03-16T00:51:31Z,sptrsv_raja_nvidia_rtx5060_laptop_lower_triangular_laplacian_medium_n2070_020,sptrsv,raja,nvidia_rtx5060_laptop,lower_triangular_laplacian,medium,2070,6119,90,45,1,20,0.895795,0.013662,1
2026-03-16T00:51:31Z,sptrsv_raja_nvidia_rtx5060_laptop_lower_triangular_laplacian_medium_n2070_021,sptrsv,raja,nvidia_rtx5060_laptop,lower_triangular_laplacian,medium,2070,6119,90,45,1,21,0.894770,0.013677,1
2026-03-16T00:51:31Z,sptrsv_raja_nvidia_rtx5060_laptop_lower_triangular_laplacian_medium_n2070_022,sptrsv,raja,nvidia_rtx5060_laptop,lower_triangular_laplacian,medium,2070,6119,90,45,1,22,0.890299,0.013746,1
2026-03-16T00:51:31Z,sptrsv_raja_nvidia_rtx5060_laptop_lower_triangular_laplacian_medium_n2070_023,sptrsv,raja,nvidia_rtx5060_laptop,lower_triangular_laplacian,medium,2070,6119,90,45,1,23,0.888238,0.013778,1
2026-03-16T00:51:31Z,sptrsv_raja_nvidia_rtx5060_laptop_lower_triangular_laplacian_medium_n2070_024,sptrsv,raja,nvidia_rtx5060_laptop,lower_triangular_laplacian,medium,2070,6119,90,45,1,24,0.893500,0.013697,1
2026-03-16T00:51:31Z,sptrsv_raja_nvidia_rtx5060_laptop_lower_triangular_laplacian_medium_n2070_025,sptrsv,raja,nvidia_rtx5060_laptop,lower_triangular_laplacian,medium,2070,6119,90,45,1,25,0.891002,0.013735,1
2026-03-16T00:51:31Z,sptrsv_raja_nvidia_rtx5060_laptop_lower_triangular_laplacian_medium_n2070_026,sptrsv,raja,nvidia_rtx5060_laptop,lower_triangular_laplacian,medium,2070,6119,90,45,1,26,0.889514,0.013758,1
2026-03-16T00:51:31Z,sptrsv_raja_nvidia_rtx5060_laptop_lower_triangular_laplacian_medium_n2070_027,sptrsv,raja,nvidia_rtx5060_laptop,lower_triangular_laplacian,medium,2070,6119,90,45,1,27,0.894998,0.013674,1
2026-03-16T00:51:31Z,sptrsv_raja_nvidia_rtx5060_laptop_lower_triangular_laplacian_medium_n2070_028,sptrsv,raja,nvidia_rtx5060_laptop,lower_triangular_laplacian,medium,2070,6119,90,45,1,28,0.893008,0.013704,1
2026-03-16T00:51:31Z,sptrsv_raja_nvidia_rtx5060_laptop_lower_triangular_laplacian_medium_n2070_029,sptrsv,raja,nvidia_rtx5060_laptop,lower_triangular_laplacian,medium,2070,6119,90,45,1,29,0.889350,0.013761,1
2026-03-16T00:51:31Z,sptrsv_raja_nvidia_rtx5060_laptop_lower_triangular_laplacian_medium_n2070_030,sptrsv,raja,nvidia_rtx5060_laptop,lower_triangular_laplacian,medium,2070,6119,90,45,1,30,0.896555,0.013650,1
2026-03-16T00:51:32Z,sptrsv_raja_nvidia_rtx5060_laptop_lower_triangular_laplacian_large_n8281_001,sptrsv,raja,nvidia_rtx5060_laptop,lower_triangular_laplacian,large,8281,24661,181,91,1,1,1.876327,0.026286,1
2026-03-16T00:51:32Z,sptrsv_raja_nvidia_rtx5060_laptop_lower_triangular_laplacian_large_n8281_002,sptrsv,raja,nvidia_rtx5060_laptop,lower_triangular_laplacian,large,8281,24661,181,91,1,2,1.867407,0.026412,1
2026-03-16T00:51:32Z,sptrsv_raja_nvidia_rtx5060_laptop_lower_triangular_laplacian_large_n8281_003,sptrsv,raja,nvidia_rtx5060_laptop,lower_triangular_laplacian,large,8281,24661,181,91,1,3,1.821903,0.027072,1
2026-03-16T00:51:32Z,sptrsv_raja_nvidia_rtx5060_laptop_lower_triangular_laplacian_large_n8281_004,sptrsv,raja,nvidia_rtx5060_laptop,lower_triangular_laplacian,large,8281,24661,181,91,1,4,1.831788,0.026926,1
2026-03-16T00:51:32Z,sptrsv_raja_nvidia_rtx5060_laptop_lower_triangular_laplacian_large_n8281_005,sptrsv,raja,nvidia_rtx5060_laptop,lower_triangular_laplacian,large,8281,24661,181,91,1,5,1.788114,0.027583,1
2026-03-16T00:51:32Z,sptrsv_raja_nvidia_rtx5060_laptop_lower_triangular_laplacian_large_n8281_006,sptrsv,raja,nvidia_rtx5060_laptop,lower_triangular_laplacian,large,8281,24661,181,91,1,6,1.762354,0.027986,1
2026-03-16T00:51:32Z,sptrsv_raja_nvidia_rtx5060_laptop_lower_triangular_laplacian_large_n8281_007,sptrsv,raja,nvidia_rtx5060_laptop,lower_triangular_laplacian,large,8281,24661,181,91,1,7,1.794517,0.027485,1
2026-03-16T00:51:32Z,sptrsv_raja_nvidia_rtx5060_laptop_lower_triangular_laplacian_large_n8281_008,sptrsv,raja,nvidia_rtx5060_laptop,lower_triangular_laplacian,large,8281,24661,181,91,1,8,1.800672,0.027391,1
2026-03-16T00:51:32Z,sptrsv_raja_nvidia_rtx5060_laptop_lower_triangular_laplacian_large_n8281_009,sptrsv,raja,nvidia_rtx5060_laptop,lower_triangular_laplacian,large,8281,24661,181,91,1,9,1.773317,0.027813,1
2026-03-16T00:51:32Z,sptrsv_raja_nvidia_rtx5060_laptop_lower_triangular_laplacian_large_n8281_010,sptrsv,raja,nvidia_rtx5060_laptop,lower_triangular_laplacian,large,8281,24661,181,91,1,10,1.773378,0.027812,1
2026-03-16T00:51:32Z,sptrsv_raja_nvidia_rtx5060_laptop_lower_triangular_laplacian_large_n8281_011,sptrsv,raja,nvidia_rtx5060_laptop,lower_triangular_laplacian,large,8281,24661,181,91,1,11,1.760820,0.028011,1
2026-03-16T00:51:32Z,sptrsv_raja_nvidia_rtx5060_laptop_lower_triangular_laplacian_large_n8281_012,sptrsv,raja,nvidia_rtx5060_laptop,lower_triangular_laplacian,large,8281,24661,181,91,1,12,1.770622,0.027856,1
2026-03-16T00:51:32Z,sptrsv_raja_nvidia_rtx5060_laptop_lower_triangular_laplacian_large_n8281_013,sptrsv,raja,nvidia_rtx5060_laptop,lower_triangular_laplacian,large,8281,24661,181,91,1,13,1.835553,0.026870,1
2026-03-16T00:51:32Z,sptrsv_raja_nvidia_rtx5060_laptop_lower_triangular_laplacian_large_n8281_014,sptrsv,raja,nvidia_rtx5060_laptop,lower_triangular_laplacian,large,8281,24661,181,91,1,14,1.825520,0.027018,1
2026-03-16T00:51:32Z,sptrsv_raja_nvidia_rtx5060_laptop_lower_triangular_laplacian_large_n8281_015,sptrsv,raja,nvidia_rtx5060_laptop,lower_triangular_laplacian,large,8281,24661,181,91,1,15,1.815720,0.027164,1
2026-03-16T00:51:32Z,sptrsv_raja_nvidia_rtx5060_laptop_lower_triangular_laplacian_large_n8281_016,sptrsv,raja,nvidia_rtx5060_laptop,lower_triangular_laplacian,large,8281,24661,181,91,1,16,1.784640,0.027637,1
2026-03-16T00:51:32Z,sptrsv_raja_nvidia_rtx5060_laptop_lower_triangular_laplacian_large_n8281_017,sptrsv,raja,nvidia_rtx5060_laptop,lower_triangular_laplacian,large,8281,24661,181,91,1,17,1.815020,0.027174,1
2026-03-16T00:51:32Z,sptrsv_raja_nvidia_rtx5060_laptop_lower_triangular_laplacian_large_n8281_018,sptrsv,raja,nvidia_rtx5060_laptop,lower_triangular_laplacian,large,8281,24661,181,91,1,18,1.818632,0.027120,1
2026-03-16T00:51:32Z,sptrsv_raja_nvidia_rtx5060_laptop_lower_triangular_laplacian_large_n8281_019,sptrsv,raja,nvidia_rtx5060_laptop,lower_triangular_laplacian,large,8281,24661,181,91,1,19,2.110733,0.023367,1
2026-03-16T00:51:32Z,sptrsv_raja_nvidia_rtx5060_laptop_lower_triangular_laplacian_large_n8281_020,sptrsv,raja,nvidia_rtx5060_laptop,lower_triangular_laplacian,large,8281,24661,181,91,1,20,2.130863,0.023146,0
2026-03-16T00:51:32Z,sptrsv_raja_nvidia_rtx5060_laptop_lower_triangular_laplacian_large_n8281_021,sptrsv,raja,nvidia_rtx5060_laptop,lower_triangular_laplacian,large,8281,24661,181,91,1,21,2.088910,0.023611,1
2026-03-16T00:51:32Z,sptrsv_raja_nvidia_rtx5060_laptop_lower_triangular_laplacian_large_n8281_022,sptrsv,raja,nvidia_rtx5060_laptop,lower_triangular_laplacian,large,8281,24661,181,91,1,22,1.777867,0.027742,1
2026-03-16T00:51:32Z,sptrsv_raja_nvidia_rtx5060_laptop_lower_triangular_laplacian_large_n8281_023,sptrsv,raja,nvidia_rtx5060_laptop,lower_triangular_laplacian,large,8281,24661,181,91,1,23,1.776740,0.027760,1
2026-03-16T00:51:32Z,sptrsv_raja_nvidia_rtx5060_laptop_lower_triangular_laplacian_large_n8281_024,sptrsv,raja,nvidia_rtx5060_laptop,lower_triangular_laplacian,large,8281,24661,181,91,1,24,1.793055,0.027507,1
2026-03-16T00:51:32Z,sptrsv_raja_nvidia_rtx5060_laptop_lower_triangular_laplacian_large_n8281_025,sptrsv,raja,nvidia_rtx5060_laptop,lower_triangular_laplacian,large,8281,24661,181,91,1,25,1.768166,0.027894,1
2026-03-16T00:51:32Z,sptrsv_raja_nvidia_rtx5060_laptop_lower_triangular_laplacian_large_n8281_026,sptrsv,raja,nvidia_rtx5060_laptop,lower_triangular_laplacian,large,8281,24661,181,91,1,26,1.776492,0.027764,1
2026-03-16T00:51:32Z,sptrsv_raja_nvidia_rtx5060_laptop_lower_triangular_laplacian_large_n8281_027,sptrsv,raja,nvidia_rtx5060_laptop,lower_triangular_laplacian,large,8281,24661,181,91,1,27,1.716063,0.028741,1
2026-03-16T00:51:32Z,sptrsv_raja_nvidia_rtx5060_laptop_lower_triangular_laplacian_large_n8281_028,sptrsv,raja,nvidia_rtx5060_laptop,lower_triangular_laplacian,large,8281,24661,181,91,1,28,1.710437,0.028836,1
2026-03-16T00:51:32Z,sptrsv_raja_nvidia_rtx5060_laptop_lower_triangular_laplacian_large_n8281_029,sptrsv,raja,nvidia_rtx5060_laptop,lower_triangular_laplacian,large,8281,24661,181,91,1,29,1.841489,0.026784,1
2026-03-16T00:51:32Z,sptrsv_raja_nvidia_rtx5060_laptop_lower_triangular_laplacian_large_n8281_030,sptrsv,raja,nvidia_rtx5060_laptop,lower_triangular_laplacian,large,8281,24661,181,91,1,30,2.118144,0.023285,0
2026-03-16T00:51:32Z,sptrsv_raja_nvidia_rtx5060_laptop_lower_triangular_random_small_n256_001,sptrsv,raja,nvidia_rtx5060_laptop,lower_triangular_random,small,256,1521,34,21,1,1,0.351092,0.008664,1
2026-03-16T00:51:32Z,sptrsv_raja_nvidia_rtx5060_laptop_lower_triangular_random_small_n256_002,sptrsv,raja,nvidia_rtx5060_laptop,lower_triangular_random,small,256,1521,34,21,1,2,0.346126,0.008789,1
2026-03-16T00:51:32Z,sptrsv_raja_nvidia_rtx5060_laptop_lower_triangular_random_small_n256_003,sptrsv,raja,nvidia_rtx5060_laptop,lower_triangular_random,small,256,1521,34,21,1,3,0.344095,0.008841,1
2026-03-16T00:51:32Z,sptrsv_raja_nvidia_rtx5060_laptop_lower_triangular_random_small_n256_004,sptrsv,raja,nvidia_rtx5060_laptop,lower_triangular_random,small,256,1521,34,21,1,4,0.350902,0.008669,1
2026-03-16T00:51:32Z,sptrsv_raja_nvidia_rtx5060_laptop_lower_triangular_random_small_n256_005,sptrsv,raja,nvidia_rtx5060_laptop,lower_triangular_random,small,256,1521,34,21,1,5,0.343972,0.008844,1
2026-03-16T00:51:32Z,sptrsv_raja_nvidia_rtx5060_laptop_lower_triangular_random_small_n256_006,sptrsv,raja,nvidia_rtx5060_laptop,lower_triangular_random,small,256,1521,34,21,1,6,0.344406,0.008833,1
2026-03-16T00:51:32Z,sptrsv_raja_nvidia_rtx5060_laptop_lower_triangular_random_small_n256_007,sptrsv,raja,nvidia_rtx5060_laptop,lower_triangular_random,small,256,1521,34,21,1,7,0.363687,0.008364,1
2026-03-16T00:51:32Z,sptrsv_raja_nvidia_rtx5060_laptop_lower_triangular_random_small_n256_008,sptrsv,raja,nvidia_rtx5060_laptop,lower_triangular_random,small,256,1521,34,21,1,8,0.345885,0.008795,1
2026-03-16T00:51:32Z,sptrsv_raja_nvidia_rtx5060_laptop_lower_triangular_random_small_n256_009,sptrsv,raja,nvidia_rtx5060_laptop,lower_triangular_random,small,256,1521,34,21,1,9,0.353286,0.008611,1
2026-03-16T00:51:32Z,sptrsv_raja_nvidia_rtx5060_laptop_lower_triangular_random_small_n256_010,sptrsv,raja,nvidia_rtx5060_laptop,lower_triangular_random,small,256,1521,34,21,1,10,0.347381,0.008757,1
2026-03-16T00:51:32Z,sptrsv_raja_nvidia_rtx5060_laptop_lower_triangular_random_small_n256_011,sptrsv,raja,nvidia_rtx5060_laptop,lower_triangular_random,small,256,1521,34,21,1,11,0.347895,0.008744,1
2026-03-16T00:51:32Z,sptrsv_raja_nvidia_rtx5060_laptop_lower_triangular_random_small_n256_012,sptrsv,raja,nvidia_rtx5060_laptop,lower_triangular_random,small,256,1521,34,21,1,12,0.349050,0.008715,1
2026-03-16T00:51:32Z,sptrsv_raja_nvidia_rtx5060_laptop_lower_triangular_random_small_n256_013,sptrsv,raja,nvidia_rtx5060_laptop,lower_triangular_random,small,256,1521,34,21,1,13,0.344448,0.008832,1
2026-03-16T00:51:32Z,sptrsv_raja_nvidia_rtx5060_laptop_lower_triangular_random_small_n256_014,sptrsv,raja,nvidia_rtx5060_laptop,lower_triangular_random,small,256,1521,34,21,1,14,0.345717,0.008799,1
2026-03-16T00:51:32Z,sptrsv_raja_nvidia_rtx5060_laptop_lower_triangular_random_small_n256_015,sptrsv,raja,nvidia_rtx5060_laptop,lower_triangular_random,small,256,1521,34,21,1,15,0.378236,0.008043,1
2026-03-16T00:51:32Z,sptrsv_raja_nvidia_rtx5060_laptop_lower_triangular_random_small_n256_016,sptrsv,raja,nvidia_rtx5060_laptop,lower_triangular_random,small,256,1521,34,21,1,16,0.333934,0.009110,1
2026-03-16T00:51:32Z,sptrsv_raja_nvidia_rtx5060_laptop_lower_triangular_random_small_n256_017,sptrsv,raja,nvidia_rtx5060_laptop,lower_triangular_random,small,256,1521,34,21,1,17,0.333050,0.009134,1
2026-03-16T00:51:32Z,sptrsv_raja_nvidia_rtx5060_laptop_lower_triangular_random_small_n256_018,sptrsv,raja,nvidia_rtx5060_laptop,lower_triangular_random,small,256,1521,34,21,1,18,0.337393,0.009016,1
2026-03-16T00:51:32Z,sptrsv_raja_nvidia_rtx5060_laptop_lower_triangular_random_small_n256_019,sptrsv,raja,nvidia_rtx5060_laptop,lower_triangular_random,small,256,1521,34,21,1,19,0.331748,0.009170,1
2026-03-16T00:51:32Z,sptrsv_raja_nvidia_rtx5060_laptop_lower_triangular_random_small_n256_020,sptrsv,raja,nvidia_rtx5060_laptop,lower_triangular_random,small,256,1521,34,21,1,20,0.330350,0.009208,1
2026-03-16T00:51:32Z,sptrsv_raja_nvidia_rtx5060_laptop_lower_triangular_random_small_n256_021,sptrsv,raja,nvidia_rtx5060_laptop,lower_triangular_random,small,256,1521,34,21,1,21,0.335829,0.009058,1
2026-03-16T00:51:32Z,sptrsv_raja_nvidia_rtx5060_laptop_lower_triangular_random_small_n256_022,sptrsv,raja,nvidia_rtx5060_laptop,lower_triangular_random,small,256,1521,34,21,1,22,0.331050,0.009189,1
2026-03-16T00:51:32Z,sptrsv_raja_nvidia_rtx5060_laptop_lower_triangular_random_small_n256_023,sptrsv,raja,nvidia_rtx5060_laptop,lower_triangular_random,small,256,1521,34,21,1,23,0.334659,0.009090,1
2026-03-16T00:51:32Z,sptrsv_raja_nvidia_rtx5060_laptop_lower_triangular_random_small_n256_024,sptrsv,raja,nvidia_rtx5060_laptop,lower_triangular_random,small,256,1521,34,21,1,24,0.335240,0.009074,1
2026-03-16T00:51:32Z,sptrsv_raja_nvidia_rtx5060_laptop_lower_triangular_random_small_n256_025,sptrsv,raja,nvidia_rtx5060_laptop,lower_triangular_random,small,256,1521,34,21,1,25,0.342816,0.008874,1
2026-03-16T00:51:32Z,sptrsv_raja_nvidia_rtx5060_laptop_lower_triangular_random_small_n256_026,sptrsv,raja,nvidia_rtx5060_laptop,lower_triangular_random,small,256,1521,34,21,1,26,0.331036,0.009189,1
2026-03-16T00:51:32Z,sptrsv_raja_nvidia_rtx5060_laptop_lower_triangular_random_small_n256_027,sptrsv,raja,nvidia_rtx5060_laptop,lower_triangular_random,small,256,1521,34,21,1,27,0.336326,0.009045,1
2026-03-16T00:51:32Z,sptrsv_raja_nvidia_rtx5060_laptop_lower_triangular_random_small_n256_028,sptrsv,raja,nvidia_rtx5060_laptop,lower_triangular_random,small,256,1521,34,21,1,28,0.330719,0.009198,1
2026-03-16T00:51:32Z,sptrsv_raja_nvidia_rtx5060_laptop_lower_triangular_random_small_n256_029,sptrsv,raja,nvidia_rtx5060_laptop,lower_triangular_random,small,256,1521,34,21,1,29,0.330718,0.009198,1
2026-03-16T00:51:32Z,sptrsv_raja_nvidia_rtx5060_laptop_lower_triangular_random_small_n256_030,sptrsv,raja,nvidia_rtx5060_laptop,lower_triangular_random,small,256,1521,34,21,1,30,0.337247,0.009020,1
2026-03-16T00:51:33Z,sptrsv_raja_nvidia_rtx5060_laptop_lower_triangular_random_medium_n2048_001,sptrsv,raja,nvidia_rtx5060_laptop,lower_triangular_random,medium,2048,12273,60,121,1,1,0.594358,0.041298,1
2026-03-16T00:51:33Z,sptrsv_raja_nvidia_rtx5060_laptop_lower_triangular_random_medium_n2048_002,sptrsv,raja,nvidia_rtx5060_laptop,lower_triangular_random,medium,2048,12273,60,121,1,2,0.594847,0.041264,1
2026-03-16T00:51:33Z,sptrsv_raja_nvidia_rtx5060_laptop_lower_triangular_random_medium_n2048_003,sptrsv,raja,nvidia_rtx5060_laptop,lower_triangular_random,medium,2048,12273,60,121,1,3,0.603074,0.040701,1
2026-03-16T00:51:33Z,sptrsv_raja_nvidia_rtx5060_laptop_lower_triangular_random_medium_n2048_004,sptrsv,raja,nvidia_rtx5060_laptop,lower_triangular_random,medium,2048,12273,60,121,1,4,0.594605,0.041281,1
2026-03-16T00:51:33Z,sptrsv_raja_nvidia_rtx5060_laptop_lower_triangular_random_medium_n2048_005,sptrsv,raja,nvidia_rtx5060_laptop,lower_triangular_random,medium,2048,12273,60,121,1,5,0.585421,0.041929,1
2026-03-16T00:51:33Z,sptrsv_raja_nvidia_rtx5060_laptop_lower_triangular_random_medium_n2048_006,sptrsv,raja,nvidia_rtx5060_laptop,lower_triangular_random,medium,2048,12273,60,121,1,6,0.557274,0.044047,1
2026-03-16T00:51:33Z,sptrsv_raja_nvidia_rtx5060_laptop_lower_triangular_random_medium_n2048_007,sptrsv,raja,nvidia_rtx5060_laptop,lower_triangular_random,medium,2048,12273,60,121,1,7,0.560555,0.043789,1
2026-03-16T00:51:33Z,sptrsv_raja_nvidia_rtx5060_laptop_lower_triangular_random_medium_n2048_008,sptrsv,raja,nvidia_rtx5060_laptop,lower_triangular_random,medium,2048,12273,60,121,1,8,0.560635,0.043782,1
2026-03-16T00:51:33Z,sptrsv_raja_nvidia_rtx5060_laptop_lower_triangular_random_medium_n2048_009,sptrsv,raja,nvidia_rtx5060_laptop,lower_triangular_random,medium,2048,12273,60,121,1,9,0.553146,0.044375,1
2026-03-16T00:51:33Z,sptrsv_raja_nvidia_rtx5060_laptop_lower_triangular_random_medium_n2048_010,sptrsv,raja,nvidia_rtx5060_laptop,lower_triangular_random,medium,2048,12273,60,121,1,10,0.556143,0.044136,1
2026-03-16T00:51:33Z,sptrsv_raja_nvidia_rtx5060_laptop_lower_triangular_random_medium_n2048_011,sptrsv,raja,nvidia_rtx5060_laptop,lower_triangular_random,medium,2048,12273,60,121,1,11,0.554847,0.044239,1
2026-03-16T00:51:33Z,sptrsv_raja_nvidia_rtx5060_laptop_lower_triangular_random_medium_n2048_012,sptrsv,raja,nvidia_rtx5060_laptop,lower_triangular_random,medium,2048,12273,60,121,1,12,0.563550,0.043556,1
2026-03-16T00:51:33Z,sptrsv_raja_nvidia_rtx5060_laptop_lower_triangular_random_medium_n2048_013,sptrsv,raja,nvidia_rtx5060_laptop,lower_triangular_random,medium,2048,12273,60,121,1,13,0.553456,0.044350,1
2026-03-16T00:51:33Z,sptrsv_raja_nvidia_rtx5060_laptop_lower_triangular_random_medium_n2048_014,sptrsv,raja,nvidia_rtx5060_laptop,lower_triangular_random,medium,2048,12273,60,121,1,14,0.561641,0.043704,1
2026-03-16T00:51:33Z,sptrsv_raja_nvidia_rtx5060_laptop_lower_triangular_random_medium_n2048_015,sptrsv,raja,nvidia_rtx5060_laptop,lower_triangular_random,medium,2048,12273,60,121,1,15,0.563661,0.043547,1
2026-03-16T00:51:33Z,sptrsv_raja_nvidia_rtx5060_laptop_lower_triangular_random_medium_n2048_016,sptrsv,raja,nvidia_rtx5060_laptop,lower_triangular_random,medium,2048,12273,60,121,1,16,0.553876,0.044317,1
2026-03-16T00:51:33Z,sptrsv_raja_nvidia_rtx5060_laptop_lower_triangular_random_medium_n2048_017,sptrsv,raja,nvidia_rtx5060_laptop,lower_triangular_random,medium,2048,12273,60,121,1,17,0.561466,0.043718,1
2026-03-16T00:51:33Z,sptrsv_raja_nvidia_rtx5060_laptop_lower_triangular_random_medium_n2048_018,sptrsv,raja,nvidia_rtx5060_laptop,lower_triangular_random,medium,2048,12273,60,121,1,18,0.554904,0.044235,1
2026-03-16T00:51:33Z,sptrsv_raja_nvidia_rtx5060_laptop_lower_triangular_random_medium_n2048_019,sptrsv,raja,nvidia_rtx5060_laptop,lower_triangular_random,medium,2048,12273,60,121,1,19,0.565012,0.043443,1
2026-03-16T00:51:33Z,sptrsv_raja_nvidia_rtx5060_laptop_lower_triangular_random_medium_n2048_020,sptrsv,raja,nvidia_rtx5060_laptop,lower_triangular_random,medium,2048,12273,60,121,1,20,0.571799,0.042928,1
2026-03-16T00:51:33Z,sptrsv_raja_nvidia_rtx5060_laptop_lower_triangular_random_medium_n2048_021,sptrsv,raja,nvidia_rtx5060_laptop,lower_triangular_random,medium,2048,12273,60,121,1,21,0.582130,0.042166,1
2026-03-16T00:51:33Z,sptrsv_raja_nvidia_rtx5060_laptop_lower_triangular_random_medium_n2048_022,sptrsv,raja,nvidia_rtx5060_laptop,lower_triangular_random,medium,2048,12273,60,121,1,22,0.588501,0.041709,1
2026-03-16T00:51:33Z,sptrsv_raja_nvidia_rtx5060_laptop_lower_triangular_random_medium_n2048_023,sptrsv,raja,nvidia_rtx5060_laptop,lower_triangular_random,medium,2048,12273,60,121,1,23,0.573159,0.042826,1
2026-03-16T00:51:33Z,sptrsv_raja_nvidia_rtx5060_laptop_lower_triangular_random_medium_n2048_024,sptrsv,raja,nvidia_rtx5060_laptop,lower_triangular_random,medium,2048,12273,60,121,1,24,0.586076,0.041882,1
2026-03-16T00:51:33Z,sptrsv_raja_nvidia_rtx5060_laptop_lower_triangular_random_medium_n2048_025,sptrsv,raja,nvidia_rtx5060_laptop,lower_triangular_random,medium,2048,12273,60,121,1,25,0.596364,0.041159,1
2026-03-16T00:51:33Z,sptrsv_raja_nvidia_rtx5060_laptop_lower_triangular_random_medium_n2048_026,sptrsv,raja,nvidia_rtx5060_laptop,lower_triangular_random,medium,2048,12273,60,121,1,26,0.617029,0.039781,1
2026-03-16T00:51:33Z,sptrsv_raja_nvidia_rtx5060_laptop_lower_triangular_random_medium_n2048_027,sptrsv,raja,nvidia_rtx5060_laptop,lower_triangular_random,medium,2048,12273,60,121,1,27,0.616902,0.039789,1
2026-03-16T00:51:33Z,sptrsv_raja_nvidia_rtx5060_laptop_lower_triangular_random_medium_n2048_028,sptrsv,raja,nvidia_rtx5060_laptop,lower_triangular_random,medium,2048,12273,60,121,1,28,0.615658,0.039870,1
2026-03-16T00:51:33Z,sptrsv_raja_nvidia_rtx5060_laptop_lower_triangular_random_medium_n2048_029,sptrsv,raja,nvidia_rtx5060_laptop,lower_triangular_random,medium,2048,12273,60,121,1,29,0.620825,0.039538,1
2026-03-16T00:51:33Z,sptrsv_raja_nvidia_rtx5060_laptop_lower_triangular_random_medium_n2048_030,sptrsv,raja,nvidia_rtx5060_laptop,lower_triangular_random,medium,2048,12273,60,121,1,30,0.613280,0.040024,1
2026-03-16T00:51:33Z,sptrsv_raja_nvidia_rtx5060_laptop_lower_triangular_random_large_n8192_001,sptrsv,raja,nvidia_rtx5060_laptop,lower_triangular_random,large,8192,49137,75,524,1,1,0.730461,0.134537,1
2026-03-16T00:51:33Z,sptrsv_raja_nvidia_rtx5060_laptop_lower_triangular_random_large_n8192_002,sptrsv,raja,nvidia_rtx5060_laptop,lower_triangular_random,large,8192,49137,75,524,1,2,0.726924,0.135192,1
2026-03-16T00:51:33Z,sptrsv_raja_nvidia_rtx5060_laptop_lower_triangular_random_large_n8192_003,sptrsv,raja,nvidia_rtx5060_laptop,lower_triangular_random,large,8192,49137,75,524,1,3,0.721652,0.136179,1
2026-03-16T00:51:33Z,sptrsv_raja_nvidia_rtx5060_laptop_lower_triangular_random_large_n8192_004,sptrsv,raja,nvidia_rtx5060_laptop,lower_triangular_random,large,8192,49137,75,524,1,4,0.754770,0.130204,1
2026-03-16T00:51:33Z,sptrsv_raja_nvidia_rtx5060_laptop_lower_triangular_random_large_n8192_005,sptrsv,raja,nvidia_rtx5060_laptop,lower_triangular_random,large,8192,49137,75,524,1,5,0.765756,0.128336,1
2026-03-16T00:51:33Z,sptrsv_raja_nvidia_rtx5060_laptop_lower_triangular_random_large_n8192_006,sptrsv,raja,nvidia_rtx5060_laptop,lower_triangular_random,large,8192,49137,75,524,1,6,0.763772,0.128669,1
2026-03-16T00:51:33Z,sptrsv_raja_nvidia_rtx5060_laptop_lower_triangular_random_large_n8192_007,sptrsv,raja,nvidia_rtx5060_laptop,lower_triangular_random,large,8192,49137,75,524,1,7,0.762233,0.128929,1
2026-03-16T00:51:33Z,sptrsv_raja_nvidia_rtx5060_laptop_lower_triangular_random_large_n8192_008,sptrsv,raja,nvidia_rtx5060_laptop,lower_triangular_random,large,8192,49137,75,524,1,8,0.755629,0.130056,1
2026-03-16T00:51:33Z,sptrsv_raja_nvidia_rtx5060_laptop_lower_triangular_random_large_n8192_009,sptrsv,raja,nvidia_rtx5060_laptop,lower_triangular_random,large,8192,49137,75,524,1,9,0.758024,0.129645,1
2026-03-16T00:51:33Z,sptrsv_raja_nvidia_rtx5060_laptop_lower_triangular_random_large_n8192_010,sptrsv,raja,nvidia_rtx5060_laptop,lower_triangular_random,large,8192,49137,75,524,1,10,0.760959,0.129145,1
2026-03-16T00:51:33Z,sptrsv_raja_nvidia_rtx5060_laptop_lower_triangular_random_large_n8192_011,sptrsv,raja,nvidia_rtx5060_laptop,lower_triangular_random,large,8192,49137,75,524,1,11,0.765816,0.128326,1
2026-03-16T00:51:33Z,sptrsv_raja_nvidia_rtx5060_laptop_lower_triangular_random_large_n8192_012,sptrsv,raja,nvidia_rtx5060_laptop,lower_triangular_random,large,8192,49137,75,524,1,12,0.756447,0.129915,1
2026-03-16T00:51:33Z,sptrsv_raja_nvidia_rtx5060_laptop_lower_triangular_random_large_n8192_013,sptrsv,raja,nvidia_rtx5060_laptop,lower_triangular_random,large,8192,49137,75,524,1,13,0.762077,0.128955,1
2026-03-16T00:51:33Z,sptrsv_raja_nvidia_rtx5060_laptop_lower_triangular_random_large_n8192_014,sptrsv,raja,nvidia_rtx5060_laptop,lower_triangular_random,large,8192,49137,75,524,1,14,0.774941,0.126815,1
2026-03-16T00:51:33Z,sptrsv_raja_nvidia_rtx5060_laptop_lower_triangular_random_large_n8192_015,sptrsv,raja,nvidia_rtx5060_laptop,lower_triangular_random,large,8192,49137,75,524,1,15,0.755378,0.130099,1
2026-03-16T00:51:33Z,sptrsv_raja_nvidia_rtx5060_laptop_lower_triangular_random_large_n8192_016,sptrsv,raja,nvidia_rtx5060_laptop,lower_triangular_random,large,8192,49137,75,524,1,16,0.723945,0.135748,1
2026-03-16T00:51:33Z,sptrsv_raja_nvidia_rtx5060_laptop_lower_triangular_random_large_n8192_017,sptrsv,raja,nvidia_rtx5060_laptop,lower_triangular_random,large,8192,49137,75,524,1,17,0.749245,0.131164,1
2026-03-16T00:51:33Z,sptrsv_raja_nvidia_rtx5060_laptop_lower_triangular_random_large_n8192_018,sptrsv,raja,nvidia_rtx5060_laptop,lower_triangular_random,large,8192,49137,75,524,1,18,0.755221,0.130126,1
2026-03-16T00:51:33Z,sptrsv_raja_nvidia_rtx5060_laptop_lower_triangular_random_large_n8192_019,sptrsv,raja,nvidia_rtx5060_laptop,lower_triangular_random,large,8192,49137,75,524,1,19,0.734501,0.133797,1
2026-03-16T00:51:33Z,sptrsv_raja_nvidia_rtx5060_laptop_lower_triangular_random_large_n8192_020,sptrsv,raja,nvidia_rtx5060_laptop,lower_triangular_random,large,8192,49137,75,524,1,20,0.734496,0.133798,1
2026-03-16T00:51:33Z,sptrsv_raja_nvidia_rtx5060_laptop_lower_triangular_random_large_n8192_021,sptrsv,raja,nvidia_rtx5060_laptop,lower_triangular_random,large,8192,49137,75,524,1,21,0.742522,0.132352,1
2026-03-16T00:51:33Z,sptrsv_raja_nvidia_rtx5060_laptop_lower_triangular_random_large_n8192_022,sptrsv,raja,nvidia_rtx5060_laptop,lower_triangular_random,large,8192,49137,75,524,1,22,0.732203,0.134217,1
2026-03-16T00:51:33Z,sptrsv_raja_nvidia_rtx5060_laptop_lower_triangular_random_large_n8192_023,sptrsv,raja,nvidia_rtx5060_laptop,lower_triangular_random,large,8192,49137,75,524,1,23,0.744521,0.131996,1
2026-03-16T00:51:33Z,sptrsv_raja_nvidia_rtx5060_laptop_lower_triangular_random_large_n8192_024,sptrsv,raja,nvidia_rtx5060_laptop,lower_triangular_random,large,8192,49137,75,524,1,24,0.733596,0.133962,1
2026-03-16T00:51:33Z,sptrsv_raja_nvidia_rtx5060_laptop_lower_triangular_random_large_n8192_025,sptrsv,raja,nvidia_rtx5060_laptop,lower_triangular_random,large,8192,49137,75,524,1,25,0.734847,0.133734,1
2026-03-16T00:51:33Z,sptrsv_raja_nvidia_rtx5060_laptop_lower_triangular_random_large_n8192_026,sptrsv,raja,nvidia_rtx5060_laptop,lower_triangular_random,large,8192,49137,75,524,1,26,0.733038,0.134064,1
2026-03-16T00:51:33Z,sptrsv_raja_nvidia_rtx5060_laptop_lower_triangular_random_large_n8192_027,sptrsv,raja,nvidia_rtx5060_laptop,lower_triangular_random,large,8192,49137,75,524,1,27,0.731181,0.134404,1
2026-03-16T00:51:33Z,sptrsv_raja_nvidia_rtx5060_laptop_lower_triangular_random_large_n8192_028,sptrsv,raja,nvidia_rtx5060_laptop,lower_triangular_random,large,8192,49137,75,524,1,28,0.726840,0.135207,1
2026-03-16T00:51:33Z,sptrsv_raja_nvidia_rtx5060_laptop_lower_triangular_random_large_n8192_029,sptrsv,raja,nvidia_rtx5060_laptop,lower_triangular_random,large,8192,49137,75,524,1,29,0.731549,0.134337,1
2026-03-16T00:51:33Z,sptrsv_raja_nvidia_rtx5060_laptop_lower_triangular_random_large_n8192_030,sptrsv,raja,nvidia_rtx5060_laptop,lower_triangular_random,large,8192,49137,75,524,1,30,0.733302,0.134016,1
